title,date,L,E,M,C,B,A,i+,i,i-
"Äidinkieli ja kirjallisuus, ruotsi",Kevät 2021,93,76,63,50,38,30,27,24,20
"Äidinkieli ja kirjallisuus, pohjoissaame",Kevät 2021,55,50,40,30,20,10,8,5,4
Suomi toisena kielenä,Kevät 2021,194,177,161,145,126,105,101,95,79
Ruotsi toisena kielenä,Kevät 2021,194,177,161,145,126,105,101,95,79
"Ruotsi, pitkä oppimäärä",Kevät 2021,258,225,194,162,130,105,85,75,60
"Ruotsi, keskipitkä oppimäärä",Kevät 2021,254,221,187,152,118,94,85,75,66
"Suomi, pitkä oppimäärä",Kevät 2021,275,260,242,219,182,142,116,106,96
"Suomi, keskipitkä oppimäärä",Kevät 2021,269,248,219,184,143,111,99,89,79
"Englanti, pitkä oppimäärä",Kevät 2021,264,244,225,199,167,138,132,124,113
"Saksa, pitkä oppimäärä",Kevät 2021,274,231,197,153,128,114,106,95,85
"Ranska, pitkä oppimäärä",Kevät 2021,271,240,217,193,142,117,110,95,80
"Venäjä, pitkä oppimäärä",Kevät 2021,268,235,210,180,147,120,110,100,90
"Espanja, pitkä oppimäärä",Kevät 2021,275,251,210,170,140,120,110,97,90
"Saksa, lyhyt oppimäärä",Kevät 2021,273,241,209,172,138,112,104,94,85
"Englanti, lyhyt oppimäärä",Kevät 2021,265,242,221,190,156,127,122,117,110
"Ranska, lyhyt oppimäärä",Kevät 2021,260,224,188,150,130,115,88,79,75
"Venäjä, lyhyt oppimäärä",Kevät 2021,263,230,202,169,142,111,100,90,70
"Espanja, lyhyt oppimäärä",Kevät 2021,274,250,222,185,151,116,109,101,90
"Italia, lyhyt oppimäärä",Kevät 2021,271,250,233,200,170,120,110,90,70
"Latina, laajempi oppimäärä",Kevät 2021,195,180,160,140,120,100,85,70,50
"Latina, lyhyt oppimäärä",Kevät 2021,195,180,160,140,120,100,85,70,50
"Pohjoissaame, lyhyt oppimäärä",Kevät 2021,195,181,166,140,120,100,90,80,70
Inarinsaame lyhyt oppimäärä,Kevät 2021,195,181,166,140,120,100,90,80,70
"Portugali, lyhyt oppimäärä",Kevät 2021,190,172,156,140,120,100,90,80,70
"Matematiikka, pitkä oppimäärä",Kevät 2021,82,57,41,30,20,14,13,11,8
"Matematiikka, lyhyt oppimäärä",Kevät 2021,105,89,71,54,36,23,21,18,14
"Uskonto, evankelis-luterilainen",Kevät 2021,98,84,68,54,40,28,26,23,19
"Uskonto, ortodoksinen",Kevät 2021,98,84,68,54,40,28,26,23,19
Elämänkatsomustieto,Kevät 2021,95,75,60,46,33,24,22,20,18
Filosofia,Kevät 2021,82,65,52,37,26,17,15,12,9
Psykologia,Kevät 2021,98,82,67,49,34,22,20,17,13
Historia,Kevät 2021,95,77,64,49,35,23,21,18,15
Yhteiskuntaoppi,Kevät 2021,89,73,59,44,30,19,16,14,10
Fysiikka,Kevät 2021,91,71,54,38,26,17,15,13,11
Kemia,Kevät 2021,97,75,54,33,21,13,12,10,8
Biologia,Kevät 2021,96,77,61,46,34,24,22,20,16
Maantiede,Kevät 2021,95,82,68,52,37,25,23,20,16
Terveystieto,Kevät 2021,82,68,57,46,34,24,22,19,14
"Äidinkieli, suomi",Kevät 2006,092,087,080,070,063,053,,,
"Äidinkieli, ruotsi",Kevät 2006,092,087,080,070,060,050,,,
"Äidinkieli, pohjoissaame",Kevät 2006,092,087,080,070,063,053,,,
Suomi toisena kielenä,Kevät 2006,185,169,154,133,114,094,,,
"Matematiikka, pitkä oppimäärä",Kevät 2006,055,042,030,021,015,010,,,
"Matematiikka, lyhyt oppimäärä",Kevät 2006,052,040,030,020,014,008,,,
"Ruotsi, pitkä oppimäärä",Kevät 2006,265,242,215,186,154,112,,,
"Ruotsi, keskipitkä oppimäärä",Kevät 2006,266,239,212,178,144,110,,,
"Suomi, pitkä oppimäärä",Kevät 2006,280,257,235,213,190,149,,,
"Suomi, keskipitkä oppimäärä",Kevät 2006,266,239,211,187,156,110,,,
"Englanti, pitkä oppimäärä",Kevät 2006,271,250,229,201,166,126,,,
"Saksa, pitkä oppimäärä",Kevät 2006,278,254,229,200,169,124,,,
"Ranska, pitkä oppimäärä",Kevät 2006,289,267,244,223,199,169,,,
"Venäjä, pitkä oppimäärä",Kevät 2006,270,245,212,180,153,119,,,
"Espanja, pitkä oppimäärä",Kevät 2006,279,264,245,228,190,140,,,
"Englanti, lyhyt oppimäärä",Kevät 2006,270,244,224,196,161,122,,,
"Saksa, lyhyt oppimäärä",Kevät 2006,277,252,224,196,165,124,,,
"Ranska, lyhyt oppimäärä",Kevät 2006,274,246,219,188,163,127,,,
"Venäjä, lyhyt oppimäärä",Kevät 2006,269,238,198,168,145,115,,,
"Espanja, lyhyt oppimäärä",Kevät 2006,275,243,215,184,159,121,,,
"Italia , lyhyt oppimäärä",Kevät 2006,281,257,225,194,166,120,,,
"Portugali, lyhyt oppimäärä",Kevät 2006,190,168,160,148,118,100,,,
"Latina, lyhyt oppimäärä",Kevät 2006,199,185,169,147,120,100,,,
"Latina, laajempi oppimäärä",Kevät 2006,195,183,160,140,120,100,,,
"Pohjoissaame, lyhyt oppimäärä",Kevät 2006,195,182,165,140,120,100,,,
"Inarinsaame, lyhyt oppimäärä",Kevät 2006,200,175,155,135,115,100,,,
Evankelis-luterilainen uskonto,Kevät 2006,033,027,022,018,013,009,,,
Ortodoksinen uskonto,Kevät 2006,032,025,021,017,012,010,,,
Elämänkatsomustieto,Kevät 2006,035,029,024,020,014,011,,,
Filosofia,Kevät 2006,035,028,023,018,013,009,,,
Psykologia,Kevät 2006,032,026,021,017,013,009,,,
Historia,Kevät 2006,032,026,021,017,013,009,,,
Yhteiskuntaoppi,Kevät 2006,033,027,022,018,014,010,,,
Fysiikka,Kevät 2006,042,034,025,018,012,008,,,
Kemia,Kevät 2006,035,032,027,021,014,008,,,
Biologia,Kevät 2006,044,037,031,024,018,012,,,
Maantiede,Kevät 2006,033,027,022,018,014,010,,,
"Äidinkieli, suomi",Kevät 2004,092,087,080,070,063,053,,,
Suomi toisena kielenä,Kevät 2004,184,167,149,129,112,094,,,
"Äidinkieli, ruotsi",Kevät 2004,093,088,080,070,060,050,,,
Ruotsi toisena kielenä,Kevät 2004,184,167,149,129,112,094,,,
"Äidinkieli, pohjoissaame",Kevät 2004,092,087,080,070,063,053,,,
"Äidinkieli, suomi",Syksy 2003,092,087,080,070,063,053,,,
Suomi toisena kielenä,Syksy 2003,180,167,148,129,111,091,,,
"Äidinkieli, ruotsi",Syksy 2003,092,087,080,070,060,050,,,
Ruotsi toisena kielenä,Syksy 2003,180,167,148,129,111,091,,,
"Äidinkieli, pohjoissaame",Syksy 2003,095,090,082,072,063,050,,,
Reaalikoe,Syksy 2003,040,031,026,021,017,012,,,
"Matematiikka, pitkä oppimäärä",Syksy 2003,050,040,030,021,015,010,,,
"Matematiikka, lyhyt oppimäärä",Syksy 2003,048,037,030,023,017,012,,,
Reaalikoe,Kevät 2004,040,032,027,022,018,012,,,
"Matematiikka, pitkä oppimäärä",Kevät 2004,057,048,037,027,019,013,,,
"Matematiikka, lyhyt oppimäärä",Kevät 2004,047,036,027,019,013,007,,,
"Ruotsi, pitkä oppimäärä",Kevät 2004,274,248,223,203,169,120,,,
"Ruotsi, keskipitkä oppimäärä",Kevät 2004,264,234,206,171,139,110,,,
"Suomi, pitkä oppimäärä",Kevät 2004,275,255,235,215,192,142,,,
"Suomi, keskipitkä oppimäärä",Kevät 2004,268,240,217,189,158,122,,,
"Englanti, pitkä oppimäärä",Kevät 2004,270,247,225,198,162,121,,,
"Saksa, pitkä oppimäärä",Kevät 2004,273,244,224,204,176,139,,,
"Äidinkieli, suomi",Syksy 2006,92,87,80,70,63,53,,,
"Ruotsi, pitkä oppimäärä",Syksy 2003,276,249,223,198,162,120,,,
"Ruotsi, keskipitkä oppimäärä",Syksy 2003,272,243,218,185,148,114,,,
"Suomi, pitkä oppimäärä",Syksy 2003,280,260,240,217,181,148,,,
"Suomi, keskipitkä oppimäärä",Syksy 2003,268,238,224,193,160,123,,,
"Englanti, pitkä oppimäärä",Syksy 2003,277,260,241,213,172,133,,,
"Saksa, pitkä oppimäärä",Syksy 2003,270,243,214,184,154,120,,,
"Ranska, pitkä oppimäärä",Syksy 2003,279,258,237,218,185,140,,,
"Venäjä, pitkä oppimäärä",Syksy 2003,278,258,230,196,160,120,,,
"Englanti, lyhyt oppimäärä",Syksy 2003,272,245,220,198,165,115,,,
"Saksa, lyhyt oppimäärä",Syksy 2003,269,240,210,184,154,125,,,
"Ranska, lyhyt oppimäärä",Syksy 2003,279,254,225,198,169,133,,,
"Venäjä, lyhyt oppimäärä",Syksy 2003,275,255,220,176,158,120,,,
"Italia , lyhyt oppimäärä",Syksy 2003,288,265,247,215,193,150,,,
"Espanja, lyhyt oppimäärä",Syksy 2003,285,265,245,215,193,150,,,
"Portugali, lyhyt oppimäärä",Syksy 2003,189,180,164,149,125,100,,,
"Latina, lyhyt oppimäärä",Syksy 2003,190,180,158,143,120,100,,,
"Äidinkieli, suomi",Syksy 2005,092,087,080,070,063,053,,,
"Ranska, pitkä oppimäärä",Kevät 2004,278,254,233,211,179,133,,,
"Venäjä, pitkä oppimäärä",Kevät 2004,274,254,224,190,160,120,,,
"Englanti, lyhyt oppimäärä",Kevät 2004,269,240,216,196,166,121,,,
"Saksa, lyhyt oppimäärä",Kevät 2004,275,245,217,188,158,125,,,
"Ranska, lyhyt oppimäärä",Kevät 2004,272,243,213,187,164,133,,,
"Venäjä, lyhyt oppimäärä",Kevät 2004,260,220,183,150,128,105,,,
"Italia , lyhyt oppimäärä",Kevät 2004,284,263,233,207,173,123,,,
"Espanja, lyhyt oppimäärä",Kevät 2004,280,252,225,202,177,135,,,
"Portugali, lyhyt oppimäärä",Kevät 2004,189,177,160,147,120,100,,,
"Äidinkieli, ruotsi",Syksy 2006,92,87,80,70,60,50,,,
"Äidinkieli, pohjoissaame",Syksy 2006,92,87,80,70,63,53,,,
Suomi toisena kielenä,Syksy 2006,185,167,154,132,112,91,,,
"Matematiikka, pitkä oppimäärä",Syksy 2006,51,38,28,20,13,8,,,
"Matematiikka, lyhyt oppimäärä",Syksy 2006,48,39,30,21,14,8,,,
"Ruotsi, pitkä oppimäärä",Syksy 2006,273,247,225,198,162,118,,,
"Ruotsi, keskipitkä oppimäärä",Syksy 2006,260,230,206,177,143,108,,,
"Suomi, pitkä oppimäärä",Syksy 2006,279,257,239,213,187,147,,,
"Suomi, keskipitkä oppimäärä",Syksy 2006,270,237,223,194,157,117,,,
"Englanti, pitkä oppimäärä",Syksy 2006,277,258,239,210,168,129,,,
"Äidinkieli, suomi",Kevät 2003,092,087,080,070,063,053,,,
Suomi toisena kielenä,Kevät 2003,187,169,147,123,107,090,,,
"Äidinkieli, ruotsi",Kevät 2003,092,087,080,070,060,050,,,
Ruotsi toisena kielenä,Kevät 2003,187,169,150,130,115,093,,,
"Äidinkieli, pohjoissaame",Kevät 2003,092,087,080,070,063,053,,,
"Äidinkieli, inarinsaame",Kevät 2003,092,087,080,070,063,053,,,
"Latina, laajempi oppimäärä",Syksy 2003,190,180,158,143,120,100,,,
"Pohjoissaame, lyhyt oppimäärä",Syksy 2003,200,180,160,140,120,100,,,
"
",Syksy 2005,092,087,080,070,060,050,,,
"Äidinkieli, pohjoissaame",Syksy 2005,092,087,080,070,063,053,,,
Suomi toisena kielenä,Syksy 2005,179,164,150,130,115,091,,,
Reaalikoe,Syksy 2005,040,032,027,022,018,012,,,
"Matematiikka, pitkä oppimäärä",Syksy 2005,056,045,034,024,018,013,,,
"Matematiikka, lyhyt oppimäärä",Syksy 2005,052,043,033,023,015,010,,,
"Ruotsi, pitkä oppimäärä",Syksy 2005,273,246,218,185,148,112,,,
"Ruotsi, keskipitkä oppimäärä",Syksy 2005,264,233,210,180,146,114,,,
"Suomi, pitkä oppimäärä",Syksy 2005,283,264,240,213,183,134,,,
"Suomi, keskipitkä oppimäärä",Syksy 2005,267,231,212,185,155,117,,,
"Englanti, pitkä oppimäärä",Syksy 2005,276,257,237,207,161,124,,,
"Saksa, pitkä oppimäärä",Syksy 2005,282,252,225,196,170,126,,,
"Ranska, pitkä oppimäärä",Syksy 2005,279,258,236,217,175,140,,,
"Venäjä, pitkä oppimäärä",Syksy 2005,278,258,230,196,160,120,,,
"Espanja, pitkä oppimäärä",Syksy 2005,284,248,232,208,168,137,,,
"Englanti, lyhyt oppimäärä",Syksy 2005,269,235,213,190,160,120,,,
"Saksa, lyhyt oppimäärä",Syksy 2005,278,255,228,200,170,135,,,
"Latina, lyhyt oppimäärä",Kevät 2004,195,182,165,145,120,100,,,
"Latina, laajempi oppimäärä",Kevät 2004,190,180,158,143,120,100,,,
"Pohjoissaame, lyhyt oppimäärä",Kevät 2004,194,180,160,140,120,100,,,
"Inarinsaame, lyhyt oppimäärä",Kevät 2004,200,175,155,135,115,100,,,
"Äidinkieli, suomi",Kevät 2005,092,087,080,070,063,053,,,
,Kevät 2005,092,087,080,070,060,050,,,
"Äidinkieli, suomi",Syksy 2004,092,087,080,070,063,053,,,
"Saksa, pitkä oppimäärä",Syksy 2006,275,249,213,186,155,117,,,
"Ranska, pitkä oppimäärä",Syksy 2006,279,262,243,216,175,140,,,
"Venäjä, pitkä oppimäärä",Syksy 2006,280,260,228,194,156,120,,,
"Espanja, pitkä oppimäärä",Syksy 2006,280,265,233,208,170,140,,,
"Englanti, lyhyt oppimäärä",Syksy 2006,267,241,218,187,161,122,,,
"Saksa, lyhyt oppimäärä",Syksy 2006,280,253,224,195,167,120,,,
"Ranska, lyhyt oppimäärä",Syksy 2006,280,255,228,198,169,129,,,
"Venäjä, lyhyt oppimäärä",Syksy 2006,278,255,220,180,155,115,,,
"Espanja, lyhyt oppimäärä",Syksy 2006,285,271,249,220,190,136,,,
"Italia , lyhyt oppimäärä",Syksy 2006,287,265,243,214,188,135,,,
"Portugali, lyhyt oppimäärä",Syksy 2006,190,175,161,151,120,100,,,
"Latina, lyhyt oppimäärä",Syksy 2006,195,183,160,145,120,100,,,
Reaalikoe,Kevät 2003,040,032,027,022,018,012,,,
"Matematiikka, pitkä oppimäärä",Kevät 2003,047,031,021,015,010,006,,,
"Matematiikka, lyhyt oppimäärä",Kevät 2003,048,037,028,020,014,008,,,
"Ruotsi, pitkä oppimäärä",Kevät 2003,276,254,232,211,182,131,,,
"Ruotsi, keskipitkä oppimäärä",Kevät 2003,264,238,210,175,143,110,,,
"Suomi, pitkä oppimäärä",Kevät 2003,282,260,240,218,190,153,,,
"Suomi, keskipitkä oppimäärä",Kevät 2003,267,237,219,193,160,125,,,
"Englanti, pitkä oppimäärä",Kevät 2003,275,253,229,200,166,132,,,
"Saksa, pitkä oppimäärä",Kevät 2003,274,245,219,196,163,128,,,
"Ranska, pitkä oppimäärä",Kevät 2003,277,250,226,203,175,139,,,
"Venäjä, pitkä oppimäärä",Kevät 2003,273,253,223,190,160,120,,,
"Englanti, lyhyt oppimäärä",Kevät 2003,270,240,213,189,159,122,,,
"Saksa, lyhyt oppimäärä",Kevät 2003,269,240,212,187,160,126,,,
"Ranska, lyhyt oppimäärä",Kevät 2003,271,245,214,185,160,119,,,
"Venäjä, lyhyt oppimäärä",Kevät 2003,274,237,197,169,145,115,,,
"Ranska, lyhyt oppimäärä",Syksy 2005,266,240,216,187,163,126,,,
"Venäjä, lyhyt oppimäärä",Syksy 2005,280,252,220,180,155,120,,,
"Espanja, lyhyt oppimäärä",Syksy 2005,290,266,236,204,172,140,,,
"Italia , lyhyt oppimäärä",Syksy 2005,275,258,224,200,161,118,,,
"Portugali, lyhyt oppimäärä",Syksy 2005,190,174,161,150,120,100,,,
"Latina, lyhyt oppimäärä",Syksy 2005,198,183,165,144,120,100,,,
"Latina, laajempi oppimäärä",Syksy 2005,195,182,160,140,120,100,,,
"Pohjoissaame, lyhyt oppimäärä",Syksy 2005,200,180,160,140,120,100,,,
"Äidinkieli, suomi",Kevät 2007,090,077,062,045,033,022,,,
"Äidinkieli, pohjoissaame",Kevät 2005,092,087,080,070,063,053,,,
Suomi toisena kielenä,Kevät 2005,181,165,148,127,111,091,,,
Svenska som andraspråk,Kevät 2005,180,167,150,130,110,090,,,
Reaalikoe,Kevät 2005,041,033,028,023,019,013,,,
"Matematiikka, pitkä oppimäärä",Kevät 2005,051,036,026,018,013,008,,,
"Matematiikka, lyhyt oppimäärä",Kevät 2005,052,043,035,026,019,012,,,
"Ruotsi, pitkä oppimäärä",Kevät 2005,275,249,225,200,162,120,,,
"Ruotsi, keskipitkä oppimäärä",Kevät 2005,265,239,212,178,144,110,,,
"Suomi, pitkä oppimäärä",Kevät 2005,281,258,237,211,187,149,,,
"Suomi, keskipitkä oppimäärä",Kevät 2005,269,245,224,190,158,118,,,
"Englanti, pitkä oppimäärä",Kevät 2005,272,250,229,198,159,121,,,
"Saksa, pitkä oppimäärä",Kevät 2005,281,255,235,212,177,135,,,
"Äidinkieli, suomi",Syksy 2007,090,077,062,044,032,021,,,
"Äidinkieli, ruotsi",Syksy 2007,091,080,064,045,033,021,,,
"Äidinkieli, ruotsi",Syksy 2004,093,088,080,070,060,050,,,
"Äidinkieli, pohjoissaame",Syksy 2004,092,087,080,070,063,053,,,
Suomi toisena kielenä,Syksy 2004,179,164,141,127,107,091,,,
Svenska som andraspråk,Syksy 2004,179,164,141,127,107,091,,,
Reaalikoe,Syksy 2004,040,032,026,021,017,012,,,
"Matematiikka, pitkä oppimäärä",Syksy 2004,052,041,031,022,015,010,,,
"Matematiikka, lyhyt oppimäärä",Syksy 2004,047,036,028,021,015,009,,,
"Ruotsi, pitkä oppimäärä",Syksy 2004,271,242,213,186,156,120,,,
"Ruotsi, keskipitkä oppimäärä",Syksy 2004,265,234,210,179,145,112,,,
"Suomi, pitkä oppimäärä",Syksy 2004,281,260,240,220,189,145,,,
"Suomi, keskipitkä oppimäärä",Syksy 2004,268,237,216,189,160,125,,,
"Englanti, pitkä oppimäärä",Syksy 2004,275,256,237,211,170,128,,,
"Saksa, pitkä oppimäärä",Syksy 2004,269,243,213,195,166,120,,,
"Ranska, pitkä oppimäärä",Syksy 2004,280,257,235,211,174,139,,,
"Venäjä, pitkä oppimäärä",Syksy 2004,278,258,228,196,160,120,,,
"Englanti, lyhyt oppimäärä",Syksy 2004,275,245,219,198,160,119,,,
"Saksa, lyhyt oppimäärä",Syksy 2004,271,244,211,181,149,120,,,
"Latina, laajempi oppimäärä",Syksy 2006,193,180,160,140,120,100,,,
"Pohjoissaame, lyhyt oppimäärä",Syksy 2006,195,182,165,140,120,100,,,
Evankelis-luterilainen uskonto,Syksy 2006,33,26,21,16,11,7,,,
Ortodoksinen uskonto,Syksy 2006,32,27,21,15,12,9,,,
Elämänkatsomustieto,Syksy 2006,35,28,22,16,11,8,,,
Filosofia,Syksy 2006,33,27,22,17,12,8,,,
Psykologia,Syksy 2006,32,25,20,16,12,8,,,
Historia,Syksy 2006,32,26,22,18,14,9,,,
Yhteiskuntaoppi,Syksy 2006,33,28,23,19,14,10,,,
"Italia , lyhyt oppimäärä",Kevät 2003,277,251,219,186,160,135,,,
"Espanja, lyhyt oppimäärä",Kevät 2003,282,260,233,203,171,130,,,
"Portugali, lyhyt oppimäärä",Kevät 2003,191,178,165,148,119,100,,,
"Latina, lyhyt oppimäärä",Kevät 2003,198,185,169,150,120,100,,,
"Latina, laajempi oppimäärä",Kevät 2003,192,180,160,143,120,100,,,
"Pohjoissaame, lyhyt oppimäärä",Kevät 2003,195,180,160,140,120,100,,,
"Inarinsaame, lyhyt oppimäärä",Kevät 2003,200,175,155,135,115,100,,,
"Äidinkieli, ruotsi",Kevät 2007,095,081,065,047,035,019,,,
"Äidinkieli, pohjoissaame",Kevät 2007,060,050,040,030,020,010,,,
Suomi toisena kielenä,Kevät 2007,184,170,154,130,114,092,,,
Svenska som andraspråk,Kevät 2007,180,165,145,130,115,095,,,
"Matematiikka, pitkä oppimäärä",Kevät 2007,056,043,032,022,015,010,,,
"Matematiikka, lyhyt oppimäärä",Kevät 2007,053,043,033,023,015,010,,,
"Ruotsi, pitkä oppimäärä",Kevät 2007,272,245,221,201,165,120,,,
"Ruotsi, keskipitkä oppimäärä",Kevät 2007,262,236,210,178,144,110,,,
"Suomi, pitkä oppimäärä",Kevät 2007,275,257,239,218,192,139,,,
"Suomi, keskipitkä oppimäärä",Kevät 2007,268,238,219,190,159,115,,,
"Englanti, pitkä oppimäärä",Kevät 2007,272,250,228,201,166,127,,,
"Saksa, pitkä oppimäärä",Kevät 2007,277,249,222,196,164,119,,,
"Ranska, pitkä oppimäärä",Kevät 2007,285,261,242,220,187,140,,,
"Venäjä, pitkä oppimäärä",Kevät 2007,275,245,220,190,160,125,,,
"Espanja, pitkä oppimäärä",Kevät 2007,278,262,229,209,180,134,,,
"Ranska, pitkä oppimäärä",Kevät 2005,280,259,238,216,180,144,,,
"Venäjä, pitkä oppimäärä",Kevät 2005,261,242,217,180,151,120,,,
"Espanja, pitkä oppimäärä",Kevät 2005,273,250,235,210,170,140,,,
"Englanti, lyhyt oppimäärä",Kevät 2005,269,235,214,192,158,120,,,
"Saksa, lyhyt oppimäärä",Kevät 2005,273,244,215,187,157,120,,,
"Ranska, lyhyt oppimäärä",Kevät 2005,265,237,207,181,158,124,,,
"Venäjä, lyhyt oppimäärä",Kevät 2005,262,230,190,160,140,115,,,
"Espanja, lyhyt oppimäärä",Kevät 2005,280,246,211,184,152,120,,,
"Italia , lyhyt oppimäärä",Kevät 2005,283,254,225,195,172,123,,,
"Portugali, lyhyt oppimäärä",Kevät 2005,188,177,160,147,120,100,,,
,Kevät 2008,088,075,060,044,033,022,,,
"Äidinkieli, ruotsi",Kevät 2008,096,083,066,046,033,020,,,
"Äidinkieli, pohjoissaame",Syksy 2007,060,050,040,030,020,010,,,
Suomi toisena kielenä,Syksy 2007,184,167,151,129,112,090,,,
Svenska som andraspråk,Syksy 2007,185,165,145,130,115,095,,,
"Matematiikka, pitkä oppimäärä",Syksy 2007,052,037,027,020,013,008,,,
"Matematiikka, lyhyt oppimäärä",Syksy 2007,046,036,028,021,014,007,,,
"Ruotsi, pitkä oppimäärä",Syksy 2007,274,249,225,190,158,112,,,
"Ruotsi, keskipitkä oppimäärä",Syksy 2007,269,243,216,182,147,118,,,
"Suomi, pitkä oppimäärä",Syksy 2007,282,261,239,209,187,147,,,
"Suomi, keskipitkä oppimäärä",Syksy 2007,261,236,214,188,157,111,,,
"Englanti, pitkä oppimäärä",Syksy 2007,273,253,232,202,158,120,,,
"Saksa, pitkä oppimäärä",Syksy 2007,282,254,228,197,159,120,,,
"Ranska, pitkä oppimäärä",Syksy 2007,284,264,240,217,177,138,,,
"Venäjä, pitkä oppimäärä",Syksy 2007,276,260,230,195,160,130,,,
"Espanja, pitkä oppimäärä",Syksy 2007,275,260,240,213,175,140,,,
"Äidinkieli, suomi",Syksy 2008,088,075,060,043,032,021,,,
"Äidinkieli, suomi",Syksy 2009,085,073,058,042,031,021,,,
"Äidinkieli, suomi",Syksy 2010,087,073,061,045,034,022,,,
"Äidinkieli, ruotsi",Syksy 2010,092,075,065,049,033,023,,,
"Äidinkieli, pohjoissaame",Syksy 2010,060,050,040,030,020,010,,,
"Äidinkieli, suomi",Syksy 2011,087,073,061,045,033,022,,,
"Äidinkieli, ruotsi",Syksy 2011,093,078,064,048,036,026,,,
"Äidinkieli, pohjoissaame",Syksy 2011,060,050,040,030,020,010,,,
"Ranska, lyhyt oppimäärä",Syksy 2004,280,253,228,194,168,135,,,
"Venäjä, lyhyt oppimäärä",Syksy 2004,277,255,218,177,157,119,,,
"Espanja, lyhyt oppimäärä",Syksy 2004,287,263,235,201,166,124,,,
"Italia, lyhyt oppimäärä",Syksy 2004,287,264,245,225,197,140,,,
"Portugali, lyhyt oppimäärä",Syksy 2004,187,172,160,146,120,100,,,
"Latina, lyhyt oppimäärä",Syksy 2004,195,182,165,140,120,100,,,
"Latina, laajempi oppimäärä",Syksy 2004,195,182,160,140,120,100,,,
"Pohjoissaame, lyhyt oppimäärä",Syksy 2004,195,182,165,140,120,100,,,
Fysiikka,Syksy 2006,38,30,23,17,13,8,,,
Kemia,Syksy 2006,44,37,30,22,15,10,,,
Biologia,Syksy 2006,44,37,30,23,15,9,,,
Maantiede,Syksy 2006,33,27,22,18,14,10,,,
"Äidinkieli, suomi",Kevät 2009,086,072,060,045,033,022,,,
"Äidinkieli, ruotsi",Kevät 2009,090,075,062,045,033,020,,,
"Äidinkieli, suomi",Kevät 2011,087,073,062,047,035,022,,,
"Äidinkieli, ruotsi",Kevät 2011,092,078,063,048,036,025,,,
"Äidinkieli, pohjoissaame",Kevät 2011,060,050,040,030,020,010,,,
"Äidinkieli, suomi",Kevät 2010,087,073,061,046,034,022,,,
"Äidinkieli, ruotsi",Kevät 2010,093,077,063,046,034,022,,,
"Äidinkieli, pohjoissaame",Kevät 2010,060,050,040,030,020,010,,,
"Saksa, lyhyt oppimäärä",Kevät 2007,277,251,224,196,163,120,,,
"Englanti, lyhyt oppimäärä",Kevät 2007,265,240,210,180,150,120,,,
"Ranska, lyhyt oppimäärä",Kevät 2007,279,254,230,201,171,130,,,
"Venäjä, lyhyt oppimäärä",Kevät 2007,280,258,228,194,170,134,,,
"Espanja, lyhyt oppimäärä",Kevät 2007,283,265,238,204,172,136,,,
"Italia , lyhyt oppimäärä",Kevät 2007,283,265,237,199,169,130,,,
"Latina, laajempi oppimäärä",Kevät 2007,197,184,162,143,120,100,,,
"Latina, lyhyt oppimäärä",Kevät 2007,197,184,162,146,120,100,,,
"Pohjoissaame, lyhyt oppimäärä",Kevät 2007,195,182,165,140,120,100,,,
"Inarinsaame, lyhyt oppimäärä",Kevät 2007,200,175,155,135,115,100,,,
"Latina, lyhyt oppimäärä",Kevät 2005,198,183,168,144,120,097,,,
"Latina, laajempi oppimäärä",Kevät 2005,195,182,160,140,120,100,,,
"Pohjoissaame, lyhyt oppimäärä",Kevät 2005,200,180,160,140,120,100,,,
"Inarinsaame, lyhyt oppimäärä",Kevät 2005,200,180,160,140,120,100,,,
"Koltansaame, lyhyt oppimäärä",Kevät 2005,200,180,160,140,120,100,,,
"Äidinkieli, pohjoissaame",Kevät 2008,060,050,040,030,020,010,,,
Suomi toisena kielenä,Kevät 2008,188,170,154,131,113,094,,,
Svenska som andraspråk,Kevät 2008,180,165,145,130,115,095,,,
"Matematiikka, pitkä oppimäärä",Kevät 2008,059,051,042,031,022,014,,,
"Matematiikka, lyhyt oppimäärä",Kevät 2008,048,038,030,022,015,009,,,
"Ruotsi, pitkä oppimäärä",Kevät 2008,272,252,230,197,155,115,,,
"Ruotsi, keskipitkä oppimäärä",Kevät 2008,262,232,204,171,138,110,,,
"Suomi, pitkä oppimäärä",Kevät 2008,281,261,242,217,187,142,,,
"Suomi, keskipitkä oppimäärä",Kevät 2008,265,241,214,185,150,113,,,
"Englanti, pitkä oppimäärä",Kevät 2008,267,245,223,198,168,127,,,
"Saksa, pitkä oppimäärä",Kevät 2008,278,254,234,210,181,133,,,
"Saksa, lyhyt oppimäärä",Syksy 2007,283,257,231,200,167,133,,,
"Englanti, lyhyt oppimäärä",Syksy 2007,267,237,210,180,150,117,,,
"Ranska, lyhyt oppimäärä",Syksy 2007,281,257,231,201,171,132,,,
"Venäjä, lyhyt oppimäärä",Syksy 2007,284,265,235,195,165,125,,,
"Espanja, lyhyt oppimäärä",Syksy 2007,289,275,257,228,184,132,,,
"Italia , lyhyt oppimäärä",Syksy 2007,290,272,250,207,177,130,,,
"Latina, laajempi oppimäärä",Syksy 2007,197,182,162,143,120,100,,,
"Latina, lyhyt oppimäärä",Syksy 2007,197,184,160,144,120,100,,,
"Pohjoissaame, lyhyt oppimäärä",Syksy 2007,195,182,165,140,120,100,,,
"Portugali, lyhyt oppimäärä",Syksy 2007,190,178,166,155,120,100,,,
"Äidinkieli, ruotsi",Syksy 2008,087,076,060,041,030,019,,,
"Äidinkieli, pohjoissaame",Syksy 2008,060,050,040,030,020,010,,,
Suomi toisena kielenä,Syksy 2008,181,166,151,130,114,091,,,
Svenska som andraspråk,Syksy 2008,185,165,145,130,115,095,,,
"Matematiikka, pitkä oppimäärä",Syksy 2008,056,044,034,025,017,010,,,
"Matematiikka, lyhyt oppimäärä",Syksy 2008,045,034,025,018,012,007,,,
"Ruotsi, pitkä oppimäärä",Syksy 2008,270,245,223,190,148,112,,,
"Ruotsi, keskipitkä oppimäärä",Syksy 2008,260,230,200,165,135,108,,,
"Suomi, pitkä oppimäärä",Syksy 2008,282,263,243,214,180,127,,,
"Suomi, keskipitkä oppimäärä",Syksy 2008,264,239,223,189,161,116,,,
"Englanti, pitkä oppimäärä",Syksy 2008,270,249,227,197,157,122,,,
"Saksa, pitkä oppimäärä",Syksy 2008,288,267,241,212,175,123,,,
"Ranska, pitkä oppimäärä",Syksy 2008,277,249,229,199,166,134,,,
"Äidinkieli, ruotsi",Syksy 2009,090,076,063,046,033,020,,,
"Äidinkieli, pohjoissaame",Syksy 2009,060,050,040,030,020,010,,,
Suomi toisena kielenä,Syksy 2009,179,163,148,127,109,084,,,
Svenska som andraspråk,Syksy 2009,180,160,140,125,110,084,,,
"Matematiikka, pitkä oppimäärä",Syksy 2009,059,047,034,019,013,008,,,
"Matematiikka, lyhyt oppimäärä",Syksy 2009,049,038,027,018,011,007,,,
"Ruotsi, pitkä oppimäärä",Syksy 2009,274,252,226,189,144,110,,,
"Ruotsi, keskipitkä oppimäärä",Syksy 2009,260,229,199,166,135,107,,,
"Suomi, pitkä oppimäärä",Syksy 2009,281,261,239,210,180,140,,,
"Suomi, keskipitkä oppimäärä",Syksy 2009,267,245,225,195,165,114,,,
"Englanti, pitkä oppimäärä",Syksy 2009,270,251,232,207,169,129,,,
Suomi toisena kielenä,Syksy 2010,183,164,149,129,107,082,,,
Svenska som andraspråk,Syksy 2010,180,160,140,125,110,084,,,
"Matematiikka, pitkä oppimäärä",Syksy 2010,054,039,025,015,010,007,,,
"Matematiikka, lyhyt oppimäärä",Syksy 2010,049,038,029,021,014,009,,,
"Ruotsi, pitkä oppimäärä",Syksy 2010,273,250,224,191,142,108,,,
"Ruotsi, keskipitkä oppimäärä",Syksy 2010,265,238,212,181,148,116,,,
"Suomi, pitkä oppimäärä",Syksy 2010,285,266,241,213,187,147,,,
"Suomi, keskipitkä oppimäärä",Syksy 2010,253,238,212,182,147,103,,,
"Englanti, pitkä oppimäärä",Syksy 2010,270,250,230,203,169,124,,,
"Saksa, pitkä oppimäärä",Syksy 2010,279,256,226,197,172,125,,,
"Ranska, pitkä oppimäärä",Syksy 2010,277,261,233,194,170,130,,,
"Venäjä, pitkä oppimäärä",Syksy 2010,281,264,237,206,170,130,,,
Suomi toisena kielenä,Syksy 2011,184,169,154,131,111,095,,,
Svenska som andraspråk,Syksy 2011,184,169,154,131,111,095,,,
"Matematiikka, pitkä oppimäärä",Syksy 2011,059,049,036,023,015,010,,,
"Matematiikka, lyhyt oppimäärä",Syksy 2011,049,038,030,022,015,009,,,
"Ruotsi, pitkä oppimäärä",Syksy 2011,273,252,227,193,148,112,,,
"Ruotsi, keskipitkä oppimäärä",Syksy 2011,252,220,192,161,130,104,,,
"Suomi, pitkä oppimäärä",Syksy 2011,280,256,235,210,180,136,,,
"Suomi, keskipitkä oppimäärä",Syksy 2011,252,235,209,181,146,110,,,
"Englanti, pitkä oppimäärä",Syksy 2011,275,258,241,216,177,128,,,
"Saksa, pitkä oppimäärä",Syksy 2011,285,257,223,192,160,118,,,
"Ranska, pitkä oppimäärä",Syksy 2011,283,265,237,197,172,130,,,
"Venäjä, pitkä oppimäärä",Syksy 2011,276,260,236,204,167,120,,,
"Espanja, pitkä oppimäärä",Syksy 2011,278,257,240,206,175,135,,,
"Äidinkieli, pohjoissaame",Kevät 2009,055,050,045,035,025,015,,,
Suomi toisena kielenä,Kevät 2009,181,165,150,128,104,084,,,
Svenska som andraspråk,Kevät 2009,180,165,150,128,108,090,,,
"Matematiikka, pitkä oppimäärä",Kevät 2009,057,046,035,025,018,011,,,
"Matematiikka, lyhyt oppimäärä",Kevät 2009,054,043,033,022,014,008,,,
"Ruotsi, pitkä oppimäärä",Kevät 2009,270,245,221,191,152,112,,,
"Ruotsi, keskipitkä oppimäärä",Kevät 2009,248,215,184,150,120,095,,,
"Suomi, pitkä oppimäärä",Kevät 2009,276,260,243,220,194,142,,,
"Suomi, keskipitkä oppimäärä",Kevät 2009,265,242,221,195,161,118,,,
Suomi toisena kielenä,Kevät 2011,186,169,152,130,108,084,,,
Svenska som andraspråk,Kevät 2011,185,170,155,135,110,084,,,
"Matematiikka, pitkä oppimäärä",Kevät 2011,059,051,040,028,018,012,,,
"Matematiikka, lyhyt oppimäärä",Kevät 2011,049,040,032,023,015,009,,,
"Ruotsi, pitkä oppimäärä",Kevät 2011,270,248,223,195,155,115,,,
"Ruotsi, keskipitkä oppimäärä",Kevät 2011,252,221,195,166,135,108,,,
"Suomi, pitkä oppimäärä",Kevät 2011,282,261,239,210,181,148,,,
"Suomi, keskipitkä oppimäärä",Kevät 2011,259,238,217,191,157,121,,,
"Englanti, pitkä oppimäärä",Kevät 2011,270,250,230,204,171,130,,,
"Saksa, pitkä oppimäärä",Kevät 2011,284,260,234,209,177,125,,,
Suomi toisena kielenä,Kevät 2010,183,168,154,133,114,085,,,
Svenska som andraspråk,Kevät 2010,185,170,155,135,120,090,,,
"Matematiikka, pitkä oppimäärä",Kevät 2010,058,045,032,023,016,011,,,
"Matematiikka, lyhyt oppimäärä",Kevät 2010,054,045,036,026,017,010,,,
"Ruotsi, pitkä oppimäärä",Kevät 2010,270,249,229,203,168,125,,,
"Ruotsi, keskipitkä oppimäärä",Kevät 2010,252,220,193,164,135,110,,,
"Suomi, pitkä oppimäärä",Kevät 2010,280,261,243,217,185,150,,,
"Suomi, keskipitkä oppimäärä",Kevät 2010,255,220,193,170,140,102,,,
"Englanti, pitkä oppimäärä",Kevät 2010,266,247,228,202,169,129,,,
"Saksa, pitkä oppimäärä",Kevät 2010,284,262,241,212,184,141,,,
"Ranska, pitkä oppimäärä",Kevät 2010,282,259,241,213,185,132,,,
"Venäjä, pitkä oppimäärä",Kevät 2010,278,251,220,190,160,125,,,
"Espanja, pitkä oppimäärä",Kevät 2010,284,268,245,218,170,138,,,
"Saksa, lyhyt oppimäärä",Kevät 2010,277,249,221,188,156,120,,,
"Englanti, lyhyt oppimäärä",Kevät 2010,262,240,210,180,155,118,,,
"Portugali, lyhyt oppimäärä",Kevät 2007,185,171,161,150,120,100,,,
Evankelis-luterilainen uskonto,Kevät 2007,035,029,024,019,014,010,,,
Ortodoksinen uskonto,Kevät 2007,031,026,021,017,012,010,,,
Elämänkatsomustieto,Kevät 2007,035,028,024,019,015,010,,,
Filosofia,Kevät 2007,034,026,021,016,011,007,,,
Psykologia,Kevät 2007,032,026,021,017,013,009,,,
Historia,Kevät 2007,034,028,023,018,014,010,,,
Yhteiskuntaoppi,Kevät 2007,035,029,024,020,016,012,,,
Fysiikka,Kevät 2007,043,035,028,020,014,009,,,
"Äidinkieli, suomi",Kevät 2012,086,071,060,048,036,024,,,
"Ranska, pitkä oppimäärä",Kevät 2008,284,263,243,223,187,140,,,
"Venäjä, pitkä oppimäärä",Kevät 2008,274,251,220,190,160,125,,,
"Espanja, pitkä oppimäärä",Kevät 2008,268,258,225,208,180,134,,,
"Saksa, lyhyt oppimäärä",Kevät 2008,278,254,228,196,166,125,,,
"Englanti, lyhyt oppimäärä",Kevät 2008,263,237,212,188,162,125,,,
"Ranska, lyhyt oppimäärä",Kevät 2008,284,259,234,204,171,131,,,
"Venäjä, lyhyt oppimäärä",Kevät 2008,272,248,218,181,156,115,,,
"Espanja, lyhyt oppimäärä",Kevät 2008,288,272,249,216,183,141,,,
"Italia , lyhyt oppimäärä",Kevät 2008,287,270,239,201,168,128,,,
"Latina, laajempi oppimäärä",Kevät 2008,198,182,160,140,120,100,,,
"Latina, lyhyt oppimäärä",Kevät 2008,198,184,160,140,120,100,,,
"Pohjoissaame, lyhyt oppimäärä",Kevät 2008,195,182,165,140,120,100,,,
"Portugali, lyhyt oppimäärä",Kevät 2008,180,173,160,145,126,100,,,
Evankelis-luterilainen uskonto,Kevät 2008,034,027,022,017,012,008,,,
Ortodoksinen uskonto,Kevät 2008,034,028,024,016,012,009,,,
Evankelis-luterilainen uskonto,Syksy 2007,034,028,024,019,014,009,,,
Ortodoksinen uskonto,Syksy 2007,034,026,018,014,011,007,,,
Elämänkatsomustieto,Syksy 2007,035,029,023,019,015,009,,,
Filosofia,Syksy 2007,034,027,022,017,012,007,,,
Psykologia,Syksy 2007,032,025,020,015,011,007,,,
Historia,Syksy 2007,035,029,024,019,014,010,,,
Yhteiskuntaoppi,Syksy 2007,034,029,025,021,016,011,,,
Fysiikka,Syksy 2007,038,030,022,016,011,007,,,
"Äidinkieli, suomi",Syksy 2012,086,072,060,046,034,023,,,
"Venäjä, pitkä oppimäärä",Syksy 2008,280,264,234,200,165,125,,,
"Espanja, pitkä oppimäärä",Syksy 2008,275,254,230,208,186,130,,,
"Saksa, lyhyt oppimäärä",Syksy 2008,277,251,223,197,164,123,,,
"Englanti, lyhyt oppimäärä",Syksy 2008,261,235,210,182,154,125,,,
"Ranska, lyhyt oppimäärä",Syksy 2008,279,255,229,199,169,127,,,
"Venäjä, lyhyt oppimäärä",Syksy 2008,269,238,205,170,145,115,,,
"Espanja, lyhyt oppimäärä",Syksy 2008,285,269,244,220,179,132,,,
"Italia , lyhyt oppimäärä",Syksy 2008,278,253,234,217,189,130,,,
"Latina, laajempi oppimäärä",Syksy 2008,198,182,160,140,120,100,,,
"Latina, lyhyt oppimäärä",Syksy 2008,196,182,160,140,120,100,,,
"Pohjoissaame, lyhyt oppimäärä",Syksy 2008,195,182,165,140,120,100,,,
"Portugali, lyhyt oppimäärä",Syksy 2008,190,177,160,145,119,100,,,
Evankelis-luterilainen uskonto,Syksy 2008,034,028,023,018,013,010,,,
Ortodoksinen uskonto,Syksy 2008,031,024,022,018,014,009,,,
Elämänkatsomustieto,Syksy 2008,034,028,023,018,013,008,,,
"Äidinkieli, suomi",Kevät 2013,087,073,062,050,039,028,,,
"Äidinkieli, ruotsi",Kevät 2013,092,075,064,051,039,027,,,
"Saksa, pitkä oppimäärä",Syksy 2009,288,256,228,203,177,129,,,
"Ranska, pitkä oppimäärä",Syksy 2009,275,251,231,203,163,135,,,
"Venäjä, pitkä oppimäärä",Syksy 2009,279,261,234,200,165,125,,,
"Espanja, pitkä oppimäärä",Syksy 2009,278,269,245,225,190,140,,,
"Saksa, lyhyt oppimäärä",Syksy 2009,284,262,236,207,176,135,,,
"Englanti, lyhyt oppimäärä",Syksy 2009,263,231,200,176,150,119,,,
"Ranska, lyhyt oppimäärä",Syksy 2009,275,251,229,200,161,115,,,
"Venäjä, lyhyt oppimäärä",Syksy 2009,265,245,220,180,145,110,,,
"Espanja, lyhyt oppimäärä",Syksy 2009,286,269,244,212,174,130,,,
"Italia , lyhyt oppimäärä",Syksy 2009,290,271,252,232,189,130,,,
"Äidinkieli, suomi",Syksy 2013,87,71,60,49,38,24,,,
"Espanja, pitkä oppimäärä",Syksy 2010,270,260,241,218,185,138,,,
"Saksa, lyhyt oppimäärä",Syksy 2010,274,243,210,182,155,124,,,
"Englanti, lyhyt oppimäärä",Syksy 2010,260,230,206,180,150,125,,,
"Ranska, lyhyt oppimäärä",Syksy 2010,274,252,230,202,170,131,,,
"Venäjä, lyhyt oppimäärä",Syksy 2010,275,255,225,190,155,120,,,
"Espanja, lyhyt oppimäärä",Syksy 2010,279,263,237,204,155,117,,,
"Italia , lyhyt oppimäärä",Syksy 2010,285,264,242,208,188,130,,,
"Latina, laajempi oppimäärä",Syksy 2010,195,177,160,140,120,100,,,
"Latina, lyhyt oppimäärä",Syksy 2010,195,182,160,140,120,100,,,
"Pohjoissaame, lyhyt oppimäärä",Syksy 2010,195,182,165,140,120,100,,,
"Portugali, lyhyt oppimäärä",Syksy 2010,195,175,147,130,115,100,,,
Evankelis-luterilainen uskonto,Syksy 2010,035,028,023,017,012,008,,,
"Saksa, lyhyt oppimäärä",Syksy 2011,281,250,221,194,161,120,,,
"Englanti, lyhyt oppimäärä",Syksy 2011,260,237,215,185,158,125,,,
"Ranska, lyhyt oppimäärä",Syksy 2011,271,250,226,198,163,118,,,
"Venäjä, lyhyt oppimäärä",Syksy 2011,274,257,228,195,160,125,,,
"Espanja, lyhyt oppimäärä",Syksy 2011,285,264,242,207,171,135,,,
"Italia , lyhyt oppimäärä",Syksy 2011,282,264,250,217,188,128,,,
"Latina, laajempi oppimäärä",Syksy 2011,195,180,160,140,120,100,,,
"Latina, lyhyt oppimäärä",Syksy 2011,195,180,160,140,120,100,,,
"Pohjoissaame, lyhyt oppimäärä",Syksy 2011,195,181,166,140,120,100,,,
"Portugali, lyhyt oppimäärä",Syksy 2011,191,178,160,146,120,100,,,
Evankelis-luterilainen uskonto,Syksy 2011,036,030,024,018,013,008,,,
Ortodoksinen uskonto,Syksy 2011,032,025,021,017,013,009,,,
Elämänkatsomustieto,Syksy 2011,034,026,022,017,011,007,,,
Filosofia,Syksy 2011,034,028,023,019,014,008,,,
"Englanti, pitkä oppimäärä",Kevät 2009,271,249,226,200,168,129,,,
"Saksa, pitkä oppimäärä",Kevät 2009,288,267,248,223,198,139,,,
"Ranska, pitkä oppimäärä",Kevät 2009,283,261,243,219,185,136,,,
"Venäjä, pitkä oppimäärä",Kevät 2009,277,252,220,190,160,125,,,
"Espanja, pitkä oppimäärä",Kevät 2009,274,258,228,205,165,120,,,
"Saksa, lyhyt oppimäärä",Kevät 2009,280,253,228,198,166,127,,,
"Englanti, lyhyt oppimäärä",Kevät 2009,260,234,204,183,153,116,,,
"Ranska, lyhyt oppimäärä",Kevät 2009,277,254,231,203,171,131,,,
"Venäjä, lyhyt oppimäärä",Kevät 2009,277,244,210,180,158,125,,,
"Espanja, lyhyt oppimäärä",Kevät 2009,285,267,246,215,179,142,,,
"Italia , lyhyt oppimäärä",Kevät 2009,282,257,237,202,169,128,,,
"Latina, laajempi oppimäärä",Kevät 2009,198,184,160,140,120,100,,,
"Latina, lyhyt oppimäärä",Kevät 2009,198,184,160,140,120,100,,,
"Pohjoissaame, lyhyt oppimäärä",Kevät 2009,195,182,165,140,120,100,,,
"Inarinsaame, lyhyt oppimäärä",Kevät 2009,200,175,155,135,115,100,,,
"Ranska, pitkä oppimäärä",Kevät 2011,285,264,243,220,188,132,,,
"Venäjä, pitkä oppimäärä",Kevät 2011,274,248,218,190,155,125,,,
"Espanja, pitkä oppimäärä",Kevät 2011,273,260,232,206,184,135,,,
"Saksa, lyhyt oppimäärä",Kevät 2011,274,244,213,180,150,120,,,
"Englanti, lyhyt oppimäärä",Kevät 2011,260,230,210,185,154,125,,,
"Ranska, lyhyt oppimäärä",Kevät 2011,274,253,228,202,172,134,,,
"Venäjä, lyhyt oppimäärä",Kevät 2011,273,246,213,184,161,119,,,
"Espanja, lyhyt oppimäärä",Kevät 2011,283,262,226,199,166,129,,,
"Italia , lyhyt oppimäärä",Kevät 2011,283,270,241,209,178,125,,,
"Latina, laajempi oppimäärä",Kevät 2011,195,180,160,140,120,100,,,
"Ranska, lyhyt oppimäärä",Kevät 2010,270,244,221,193,163,126,,,
"Venäjä, lyhyt oppimäärä",Kevät 2010,272,245,212,183,158,119,,,
"Espanja, lyhyt oppimäärä",Kevät 2010,286,265,243,212,174,134,,,
"Italia , lyhyt oppimäärä",Kevät 2010,269,248,233,205,178,123,,,
"Latina, laajempi oppimäärä",Kevät 2010,196,180,160,140,120,100,,,
"Latina, lyhyt oppimäärä",Kevät 2010,196,180,160,140,120,100,,,
"Pohjoissaame, lyhyt oppimäärä",Kevät 2010,195,182,165,140,120,100,,,
"Inarinsaame, lyhyt oppimäärä",Kevät 2010,200,175,155,135,115,100,,,
"Portugali, lyhyt oppimäärä",Kevät 2010,190,178,159,139,120,100,,,
Evankelis-luterilainen uskonto,Kevät 2010,034,027,022,017,013,009,,,
Ortodoksinen uskonto,Kevät 2010,032,025,022,017,012,010,,,
Kemia,Kevät 2007,044,038,031,023,015,008,,,
Biologia,Kevät 2007,042,036,031,025,018,012,,,
Maantiede,Kevät 2007,033,027,023,018,014,010,,,
Terveystieto,Kevät 2007,031,024,020,016,013,009,,,
"Äidinkieli, ruotsi",Kevät 2012,094,078,065,050,039,028,,,
"Äidinkieli, pohjoissaame",Kevät 2012,060,050,040,030,020,010,,,
"Äidinkieli, koltansaame",Kevät 2012,055,050,040,030,020,010,,,
Suomi toisena kielenä,Kevät 2012,186,169,152,131,107,080,,,
Svenska som andraspråk,Kevät 2012,186,169,152,131,107,080,,,
"Matematiikka, pitkä oppimäärä",Kevät 2012,059,050,039,029,020,013,,,
"Matematiikka, lyhyt oppimäärä",Kevät 2012,051,042,035,027,019,013,,,
"Ruotsi, pitkä oppimäärä",Kevät 2012,265,238,214,183,147,109,,,
Elämänkatsomustieto,Kevät 2008,035,028,023,017,014,010,,,
Filosofia,Kevät 2008,035,029,023,017,012,009,,,
Psykologia,Kevät 2008,031,025,021,016,012,008,,,
Historia,Kevät 2008,033,027,022,017,013,009,,,
Yhteiskuntaoppi,Kevät 2008,034,028,024,019,015,011,,,
Fysiikka,Kevät 2008,043,034,027,020,015,010,,,
Kemia,Kevät 2008,042,034,027,019,012,007,,,
Biologia,Kevät 2008,043,036,030,022,015,010,,,
Maantiede,Kevät 2008,033,027,023,018,014,010,,,
Terveystieto,Kevät 2008,030,025,021,017,013,010,,,
Kemia,Syksy 2007,044,038,032,024,016,010,,,
Biologia,Syksy 2007,042,036,030,023,016,009,,,
Maantiede,Syksy 2007,033,027,023,018,014,010,,,
Terveystieto,Syksy 2007,030,025,021,017,014,010,,,
,Syksy 2014,,,,,,,,,
,Syksy 2014,,,,,,,,,
"Äidinkieli, ruotsi",Syksy 2012,093,075,062,043,032,021,,,
"Äidinkieli, pohjoissaame",Syksy 2012,060,050,040,030,020,010,,,
Suomi toisena kielenä,Syksy 2012,183,166,150,130,113,089,,,
Svenska som andraspråk,Syksy 2012,183,166,150,130,113,089,,,
"Matematiikka, pitkä oppimäärä",Syksy 2012,059,047,032,020,014,009,,,
"Matematiikka, lyhyt oppimäärä",Syksy 2012,055,047,039,030,021,013,,,
"Ruotsi, pitkä oppimäärä",Syksy 2012,274,249,220,180,137,101,,,
"Ruotsi, keskipitkä oppimäärä",Syksy 2012,252,220,192,159,128,104,,,
"Suomi, pitkä oppimäärä",Syksy 2012,278,257,237,211,183,137,,,
"Suomi, keskipitkä oppimäärä",Syksy 2012,255,234,211,177,147,114,,,
"Englanti, pitkä oppimäärä",Syksy 2012,273,253,233,204,164,123,,,
"Saksa, pitkä oppimäärä",Syksy 2012,286,254,216,183,150,115,,,
"Ranska, pitkä oppimäärä",Syksy 2012,281,262,236,194,160,119,,,
"Venäjä, pitkä oppimäärä",Syksy 2012,277,260,236,204,167,120,,,
Filosofia,Syksy 2008,034,027,022,017,012,008,,,
Psykologia,Syksy 2008,032,026,021,016,011,007,,,
Historia,Syksy 2008,034,028,023,018,013,008,,,
Yhteiskuntaoppi,Syksy 2008,033,028,024,020,015,011,,,
Fysiikka,Syksy 2008,038,030,022,016,011,007,,,
Kemia,Syksy 2008,044,036,029,021,014,009,,,
Biologia,Syksy 2008,042,035,029,023,016,010,,,
Maantiede,Syksy 2008,033,028,024,020,016,012,,,
Terveystieto,Syksy 2008,031,025,021,017,013,010,,,
"Äidinkieli, suomi",Kevät 2015,87,72,61,51,41,30,27,24,20
"Äidinkieli, pohjoissaame",Kevät 2013,060,050,040,030,020,010,,,
"Äidinkieli, koltansaame",Kevät 2013,060,050,040,030,020,010,,,
Suomi toisena kielenä,Kevät 2013,185,169,155,137,120,093,,,
Svenska som andraspråk,Kevät 2013,185,167,155,137,120,093,,,
"Matematiikka, pitkä oppimäärä",Kevät 2013,059,049,038,027,017,011,,,
"Matematiikka, lyhyt oppimäärä",Kevät 2013,056,048,040,030,021,013,,,
"Ruotsi, pitkä oppimäärä",Kevät 2013,269,243,216,184,148,116,,,
"Ruotsi, keskipitkä oppimäärä",Kevät 2013,245,208,178,147,121,101,,,
"Suomi, pitkä oppimäärä",Kevät 2013,274,254,234,205,179,142,,,
"Suomi, keskipitkä oppimäärä",Kevät 2013,268,246,223,188,146,110,,,
"Englanti, pitkä oppimäärä",Kevät 2013,268,248,226,199,165,126,,,
"Saksa, pitkä oppimäärä",Kevät 2013,282,265,245,215,181,123,,,
"Latina, laajempi oppimäärä",Syksy 2009,197,180,160,140,120,100,,,
"Latina, lyhyt oppimäärä",Syksy 2009,196,180,160,140,120,100,,,
"Pohjoissaame, lyhyt oppimäärä",Syksy 2009,195,182,165,140,120,100,,,
"Portugali, lyhyt oppimäärä",Syksy 2009,190,179,163,146,126,100,,,
Evankelis-luterilainen uskonto,Syksy 2009,033,027,022,017,013,009,,,
Ortodoksinen uskonto,Syksy 2009,032,026,022,017,013,009,,,
Elämänkatsomustieto,Syksy 2009,035,029,024,018,014,010,,,
Filosofia,Syksy 2009,034,027,022,017,012,008,,,
Psykologia,Syksy 2009,033,027,022,017,012,008,,,
Historia,Syksy 2009,034,028,023,018,013,009,,,
Yhteiskuntaoppi,Syksy 2009,035,029,025,020,015,012,,,
Fysiikka,Syksy 2009,042,035,026,018,012,009,,,
"Äidinkieli, ruotsi",Syksy 2013,92,75,64,49,39,24,,,
"Äidinkieli, pohjoissaame",Syksy 2013,60,50,40,30,20,10,,,
Suomi toisena kielenä,Syksy 2013,184,171,156,137,116,90,,,
Svenska som andraspråk,Syksy 2013,184,171,156,137,116,90,,,
"Matematiikka, pitkä oppimäärä",Syksy 2013,59,47,32,19,12,7,,,
"Matematiikka, lyhyt oppimäärä",Syksy 2013,56,46,36,26,17,9,,,
"Ruotsi, pitkä oppimäärä",Syksy 2013,271,242,212,175,135,100,,,
Ortodoksinen uskonto,Syksy 2010,032,024,021,015,011,008,,,
Elämänkatsomustieto,Syksy 2010,034,029,024,020,013,007,,,
Filosofia,Syksy 2010,034,027,021,015,011,007,,,
Psykologia,Syksy 2010,032,026,021,016,011,007,,,
Historia,Syksy 2010,034,029,025,020,016,012,,,
Yhteiskuntaoppi,Syksy 2010,034,029,025,020,016,012,,,
Fysiikka,Syksy 2010,040,031,024,017,012,008,,,
Kemia,Syksy 2010,043,037,030,022,014,008,,,
Biologia,Syksy 2010,045,039,033,026,019,012,,,
Maantiede,Syksy 2010,033,027,023,018,014,010,,,
Psykologia,Syksy 2011,033,026,021,016,012,008,,,
Historia,Syksy 2011,033,027,023,018,013,009,,,
Yhteiskuntaoppi,Syksy 2011,034,028,023,019,015,011,,,
Fysiikka,Syksy 2011,041,033,025,017,012,008,,,
Kemia,Syksy 2011,042,036,029,021,013,008,,,
Biologia,Syksy 2011,045,039,034,028,021,015,,,
Maantiede,Syksy 2011,033,028,023,019,015,011,,,
Terveystieto,Syksy 2011,032,026,022,018,014,011,,,
"Portugali, lyhyt oppimäärä",Kevät 2009,187,178,164,151,120,100,,,
Evankelis-luterilainen uskonto,Kevät 2009,034,027,022,018,014,010,,,
Ortodoksinen uskonto,Kevät 2009,032,026,023,015,012,010,,,
Elämänkatsomustieto,Kevät 2009,035,029,024,020,014,011,,,
Filosofia,Kevät 2009,034,027,022,016,011,008,,,
Psykologia,Kevät 2009,032,026,021,016,012,009,,,
Historia,Kevät 2009,033,027,022,017,013,009,,,
Yhteiskuntaoppi,Kevät 2009,034,029,024,019,015,011,,,
Fysiikka,Kevät 2009,044,036,029,022,015,010,,,
Kemia,Kevät 2009,043,037,029,020,012,007,,,
Biologia,Kevät 2009,042,036,031,025,018,012,,,
Maantiede,Kevät 2009,032,027,023,018,014,011,,,
"Latina, lyhyt oppimäärä",Kevät 2011,195,180,160,140,120,100,,,
"Pohjoissaame, lyhyt oppimäärä",Kevät 2011,195,182,166,140,120,100,,,
"Portugali, lyhyt oppimäärä",Kevät 2011,186,175,156,142,112,100,,,
Evankelis-luterilainen uskonto,Kevät 2011,034,026,021,016,011,007,,,
Ortodoksinen uskonto,Kevät 2011,031,029,024,018,013,010,,,
Elämänkatsomustieto,Kevät 2011,035,030,024,019,015,010,,,
Filosofia,Kevät 2011,034,027,021,016,012,008,,,
Psykologia,Kevät 2011,032,026,022,017,013,009,,,
Historia,Kevät 2011,034,027,022,017,012,008,,,
Yhteiskuntaoppi,Kevät 2011,034,029,024,019,015,011,,,
Fysiikka,Kevät 2011,045,038,032,025,018,013,,,
Kemia,Kevät 2011,042,035,028,020,014,009,,,
Biologia,Kevät 2011,042,036,030,024,017,011,,,
Maantiede,Kevät 2011,034,029,025,021,017,013,,,
Terveystieto,Kevät 2011,031,025,021,017,013,010,,,
Elämänkatsomustieto,Kevät 2010,035,029,024,020,017,011,,,
Filosofia,Kevät 2010,035,028,022,016,011,008,,,
Psykologia,Kevät 2010,032,025,021,016,012,008,,,
Historia,Kevät 2010,033,027,022,017,012,008,,,
Yhteiskuntaoppi,Kevät 2010,035,030,026,021,017,012,,,
Fysiikka,Kevät 2010,044,037,031,024,017,011,,,
Kemia,Kevät 2010,044,036,030,023,016,011,,,
Biologia,Kevät 2010,042,037,031,025,018,012,,,
Maantiede,Kevät 2010,032,026,022,018,014,010,,,
"Äidinkieli, suomi",Kevät 2016,87,72,60,49,38,29,27,24,19
"Ruotsi, keskipitkä oppimäärä",Kevät 2012,251,218,189,156,126,101,,,
"Suomi, pitkä oppimäärä",Kevät 2012,275,252,229,202,175,144,,,
"Suomi, keskipitkä oppimäärä",Kevät 2012,263,247,224,192,156,114,,,
"Englanti, pitkä oppimäärä",Kevät 2012,272,252,232,205,172,130,,,
"Saksa, pitkä oppimäärä",Kevät 2012,284,261,235,206,174,125,,,
"Ranska, pitkä oppimäärä",Kevät 2012,279,262,244,217,186,128,,,
"Venäjä, pitkä oppimäärä",Kevät 2012,278,259,226,195,160,130,,,
"Espanja, pitkä oppimäärä",Kevät 2012,286,262,242,216,185,135,,,
"Saksa, lyhyt oppimäärä",Kevät 2012,277,247,220,186,153,120,,,
"Englanti, lyhyt oppimäärä",Kevät 2012,264,240,211,185,159,125,,,
"Ranska, lyhyt oppimäärä",Kevät 2012,277,256,232,204,175,132,,,
"Venäjä, lyhyt oppimäärä",Kevät 2012,274,249,216,187,165,125,,,
"Espanja, lyhyt oppimäärä",Kevät 2012,278,253,226,192,159,125,,,
"Italia , lyhyt oppimäärä",Kevät 2012,282,257,237,203,160,127,,,
"Latina, lyhyt oppimäärä",Kevät 2012,195,180,160,140,120,100,,,
"Pohjoissaame, lyhyt oppimäärä",Kevät 2012,195,181,166,140,120,100,,,
"Portugali, lyhyt oppimäärä",Kevät 2012,182,175,154,143,126,100,,,
Evankelis-luterilainen uskonto,Kevät 2012,034,027,022,017,012,009,,,
"Äidinkieli, suomi",Kevät 2014,87,73,62,50,40,28,,,
"Äidinkieli, ruotsi",Kevät 2014,90,74,61,48,35,24,,,
"Äidinkieli, pohjoissaame",Kevät 2014,60,50,40,30,20,10,,,
"Äidinkieli, koltansaame",Kevät 2014,60,50,40,30,20,10,,,
Suomi toisena kielenä,Kevät 2014,187,172,158,139,110,90,,,
Svenska som andraspråk,Kevät 2014,187,172,158,139,110,90,,,
"Äidinkieli, suomi",Syksy 2016,87,72,60,49,39,29,27,24,19
"Äidinkieli, ruotsi",Syksy 2016,87,72,60,47,35,25,23,20,18
,Syksy 2014,,,,,,,,,
,Syksy 2014,,,,,,,,,
,Syksy 2014,,,,,,,,,
,Syksy 2014,,,,,,,,,
,Syksy 2014,,,,,,,,,
,Syksy 2014,,,,,,,,,
,Syksy 2014,,,,,,,,,
,Syksy 2014,,,,,,,,,
,Syksy 2014,,,,,,,,,
,Syksy 2014,,,,,,,,,
,Syksy 2014,,,,,,,,,
,Syksy 2014,,,,,,,,,
,Syksy 2014,,,,,,,,,
"Äidinkieli, suomi",Syksy 2015,086,070,058,048,038,028,026,024,022
"Äidinkielen koe, suomi",Kevät 2017,87,71,60,50,39,28,26,23,19
"Äidinkielen koe, ruotsi",Kevät 2017,89,72,61,50,37,27,25,23,20
"Äidinkielen koe, inarinsaame",Kevät 2017,60,50,40,30,20,10,8,7,6
"Espanja, pitkä oppimäärä",Syksy 2012,272,257,244,205,170,129,,,
"Saksa, lyhyt oppimäärä",Syksy 2012,282,253,227,200,172,125,,,
"Englanti, lyhyt oppimäärä",Syksy 2012,263,239,213,184,150,123,,,
"Ranska, lyhyt oppimäärä",Syksy 2012,274,253,228,197,157,116,,,
"Venäjä, lyhyt oppimäärä",Syksy 2012,276,255,225,195,160,125,,,
"Espanja, lyhyt oppimäärä",Syksy 2012,285,268,244,199,174,133,,,
"Italia , lyhyt oppimäärä",Syksy 2012,283,263,230,203,164,114,,,
"Latina, laajempi oppimäärä",Syksy 2012,195,180,160,140,120,100,,,
"Latina, lyhyt oppimäärä",Syksy 2012,195,180,160,140,120,100,,,
"Pohjoissaame, lyhyt oppimäärä",Syksy 2012,195,181,166,140,120,098,,,
"Portugali, lyhyt oppimäärä",Syksy 2012,189,172,160,141,120,100,,,
Evankelis-luterilainen uskonto,Syksy 2012,034,028,023,017,012,008,,,
Ortodoksinen uskonto,Syksy 2012,032,026,020,015,013,010,,,
"Äidinkielen koe, suomi",Syksy 2017,86,71,61,51,41,30,28,26,20
"Äidinkielen koe, ruotsi",Syksy 2017,86,71,60,47,38,26,23,21,18
"Äidinkielen koe, inarinsaame",Syksy 2017,56,50,40,30,20,10,8,7,6
"Äidinkieli, ruotsi",Kevät 2015,90,74,63,50,38,26,22,17,13
"Äidinkieli, pohjoissaame",Kevät 2015,60,50,40,30,20,10,7,5,4
"Äidinkieli, inarinsaame",Kevät 2015,60,50,40,30,20,10,7,5,4
Suomi toisena kielenä,Kevät 2015,186,172,157,137,114,89,79,70,56
Svenska som andraspråk,Kevät 2015,186,172,157,137,114,89,79,70,56
"Matematiikka, pitkä oppimäärä",Kevät 2015,56,43,32,22,14,9,7,6,5
"Matematiikka, lyhyt oppimäärä",Kevät 2015,53,44,37,29,20,12,10,8,6
"Ruotsi, pitkä oppimäärä",Kevät 2015,256,226,197,170,142,107,98,87,72
"Ruotsi, keskipitkä oppimäärä",Kevät 2015,248,215,185,154,124,106,101,95,86
"Suomi, pitkä oppimäärä",Kevät 2015,274,253,234,207,180,144,139,129,118
"Suomi, keskipitkä oppimäärä",Kevät 2015,260,236,216,184,151,110,106,96,86
"Englanti, pitkä oppimäärä",Kevät 2015,273,250,224,191,157,125,120,114,103
"Saksa, pitkä oppimäärä",Kevät 2015,270,240,201,169,138,120,90,63,56
"Ranska, pitkä oppimäärä",Kevät 2015,273,250,229,204,174,115,108,100,92
"Venäjä, pitkä oppimäärä",Kevät 2015,270,251,218,183,154,120,110,100,90
"Espanja, pitkä oppimäärä",Kevät 2015,275,249,225,201,173,120,110,100,90
"Saksa, lyhyt oppimäärä",Kevät 2015,276,236,207,170,138,116,100,88,72
"Englanti, lyhyt oppimäärä",Kevät 2015,267,242,221,191,162,130,128,123,110
"Ranska, lyhyt oppimäärä",Kevät 2015,269,237,210,180,150,120,114,102,92
"Ranska, pitkä oppimäärä",Kevät 2013,276,260,236,211,183,125,,,
"Venäjä, pitkä oppimäärä",Kevät 2013,277,257,226,195,160,125,,,
"Espanja, pitkä oppimäärä",Kevät 2013,270,248,235,215,170,125,,,
"Saksa, lyhyt oppimäärä",Kevät 2013,277,250,226,193,160,122,,,
"Englanti, lyhyt oppimäärä",Kevät 2013,262,236,212,186,156,123,,,
"Ranska, lyhyt oppimäärä",Kevät 2013,270,247,219,192,161,123,,,
"Venäjä, lyhyt oppimäärä",Kevät 2013,272,245,213,184,160,115,,,
"Espanja, lyhyt oppimäärä",Kevät 2013,279,257,225,190,154,118,,,
"Italia , lyhyt oppimäärä",Kevät 2013,280,250,230,199,169,123,,,
Kemia,Syksy 2009,040,033,026,019,013,007,,,
Biologia,Syksy 2009,045,039,034,028,021,015,,,
Maantiede,Syksy 2009,033,028,024,020,016,011,,,
Terveystieto,Syksy 2009,032,026,022,018,015,011,,,
"Ruotsi, keskipitkä oppimäärä",Syksy 2013,252,218,187,154,124,100,,,
"Suomi, pitkä oppimäärä",Syksy 2013,275,253,231,208,179,131,,,
"Suomi, keskipitkä oppimäärä",Syksy 2013,259,245,222,187,143,113,,,
"Englanti, pitkä oppimäärä",Syksy 2013,270,248,226,197,158,116,,,
"Saksa, pitkä oppimäärä",Syksy 2013,283,264,232,195,159,120,,,
"Ranska, pitkä oppimäärä",Syksy 2013,271,250,223,180,150,120,,,
"Venäjä, pitkä oppimäärä",Syksy 2013,278,262,238,200,165,125,,,
"Espanja, pitkä oppimäärä",Syksy 2013,271,252,230,210,170,125,,,
"Saksa, lyhyt oppimäärä",Syksy 2013,280,254,224,196,167,117,,,
"Englanti, lyhyt oppimäärä",Syksy 2013,256,234,212,188,158,123,,,
Terveystieto,Syksy 2010,031,025,021,017,014,011,,,
Terveystieto,Kevät 2009,030,023,019,015,012,009,,,
Terveystieto,Kevät 2010,032,026,022,018,014,011,,,
"Äidinkieli, ruotsi",Kevät 2016,89,73,61,49,38,27,23,20,16
"Äidinkieli, pohjoissaame",Kevät 2016,60,50,40,30,20,10,8,7,6
Suomi toisena kielenä,Kevät 2016,185,172,159,142,120,94,90,65,56
Svenska som andraspråk,Kevät 2016,185,172,159,142,119,94,90,65,56
"Matematiikka, pitkä oppimäärä",Kevät 2016,49,35,26,19,13,9,8,7,5
"Matematiikka, lyhyt oppimäärä",Kevät 2016,48,38,31,23,16,10,9,8,6
"Ruotsi, pitkä oppimäärä",Kevät 2016,259,232,203,175,150,129,121,110,90
"Ruotsi, keskipitkä oppimäärä",Kevät 2016,237,201,170,139,112,95,88,78,60
"Suomi, pitkä oppimäärä",Kevät 2016,275,256,231,211,180,142,137,130,125
"Suomi, keskipitkä oppimäärä",Kevät 2016,264,245,223,180,142,111,105,90,84
"Englanti, pitkä oppimäärä",Kevät 2016,267,246,224,192,154,122,116,108,97
"Saksa, pitkä oppimäärä",Kevät 2016,275,234,202,173,145,112,80,75,70
"Ranska, pitkä oppimäärä",Kevät 2016,270,249,232,209,180,113,107,96,92
Ortodoksinen uskonto,Kevät 2012,032,027,022,017,015,011,,,
Elämänkatsomustieto,Kevät 2012,035,031,026,021,017,011,,,
Filosofia,Kevät 2012,035,028,023,017,013,009,,,
Psykologia,Kevät 2012,032,027,022,017,013,009,,,
Historia,Kevät 2012,033,027,023,018,013,009,,,
Yhteiskuntaoppi,Kevät 2012,035,029,025,020,015,011,,,
Fysiikka,Kevät 2012,041,034,028,022,017,012,,,
Kemia,Kevät 2012,043,036,030,022,014,009,,,
Biologia,Kevät 2012,043,037,031,024,017,012,,,
"Matematiikka, pitkä oppimäärä",Kevät 2014,56,44,35,26,19,13,,,
"Matematiikka, lyhyt oppimäärä",Kevät 2014,52,42,33,24,16,9,,,
"Ruotsi, pitkä oppimäärä",Kevät 2014,257,234,209,180,149,118,,,
"Ruotsi, keskipitkä oppimäärä",Kevät 2014,246,214,185,155,125,99,,,
"Suomi, pitkä oppimäärä",Kevät 2014,276,261,244,217,185,140,,,
"Suomi, keskipitkä oppimäärä",Kevät 2014,260,236,217,182,152,111,,,
"Englanti, pitkä oppimäärä",Kevät 2014,268,244,220,191,156,121,,,
"Saksa, pitkä oppimäärä",Kevät 2014,281,255,230,200,170,124,,,
"Ranska, pitkä oppimäärä",Kevät 2014,279,260,236,211,184,121,,,
"Venäjä, pitkä oppimäärä",Kevät 2014,274,248,218,180,150,112,,,
"Espanja, pitkä oppimäärä",Kevät 2014,274,247,227,200,176,120,,,
"Saksa, lyhyt oppimäärä",Kevät 2014,275,245,219,186,155,122,,,
"Englanti, lyhyt oppimäärä",Kevät 2014,265,242,225,197,167,135,,,
"Ranska, lyhyt oppimäärä",Kevät 2014,265,237,208,180,150,117,,,
Suomi toisena kielenä,Syksy 2016,183,169,153,134,109,90,81,76,63
Svenska som andraspråk,Syksy 2016,183,169,153,134,109,90,81,76,63
"Matematiikka, pitkä oppimäärä",Syksy 2016,55,42,30,19,11,8,7,6,5
"Matematiikka, lyhyt oppimäärä",Syksy 2016,45,38,33,26,19,12,11,9,7
"Ruotsi, pitkä oppimäärä",Syksy 2016,258,229,201,170,140,115,97,80,60
"Ruotsi, keskipitkä oppimäärä",Syksy 2016,255,223,188,158,128,104,97,88,79
"Suomi, pitkä oppimäärä",Syksy 2016,277,261,241,211,181,141,138,130,124
"Suomi, keskipitkä oppimäärä",Syksy 2016,268,243,223,187,152,117,112,95,85
"Englanti, pitkä oppimäärä",Syksy 2016,273,253,234,207,172,128,122,116,107
,Syksy 2014,,,,,,,,,
,Syksy 2014,,,,,,,,,
,Syksy 2014,,,,,,,,,
,Syksy 2014,,,,,,,,,
,Syksy 2014,,,,,,,,,
,Syksy 2014,,,,,,,,,
,Syksy 2014,,,,,,,,,
,Syksy 2014,,,,,,,,,
,Syksy 2014,,,,,,,,,
"Äidinkieli, ruotsi",Syksy 2015,089,074,060,047,033,022,019,016,013
Suomi toisena kielenä,Syksy 2015,183,171,156,137,112,90,082,076,063
Svenska som andraspråk,Syksy 2015,183,171,156,137,112,90,082,076,063
"Matematiikka, pitkä oppimäärä",Syksy 2015,054,039,029,020,013,007,006,005,004
"Matematiikka, lyhyt oppimäärä",Syksy 2015,051,041,031,021,013,007,006,005,004
"Ruotsi, pitkä oppimäärä",Syksy 2015,260,230,204,173,125,110,098,081,062
"Ruotsi, keskipitkä oppimäärä",Syksy 2015,254,224,197,166,132,115,109,102,091
"Suomi, pitkä oppimäärä",Syksy 2015,278,259,240,212,175,139,132,124,095
"Suomi, keskipitkä oppimäärä",Syksy 2015,258,238,213,176,148,114,108,101,096
"Englanti, pitkä oppimäärä",Syksy 2015,275,256,236,210,174,128,124,118,109
"Saksa, pitkä oppimäärä",Syksy 2015,280,255,218,184,156,116,102,071,060
"Äidinkielen koe, pohjoissaame",Kevät 2017,60,50,40,30,20,10,8,7,6
Suomi toisena kielenä,Kevät 2017,184,171,158,142,118,93,88,82,70
Ruotsi toisena kielenä,Kevät 2017,184,171,158,142,118,93,88,82,70
"Matematiikan koe, lyhyt oppimäärä",Kevät 2017,49,38,30,22,15,9,8,7,5
"Matematiikan koe, pitkä oppimäärä",Kevät 2017,54,39,27,19,12,9,8,6,4
"Ruotsi, pitkä oppimäärä",Kevät 2017,255,230,198,171,140,110,87,70,60
"Ruotsi, keskipitkä oppimäärä",Kevät 2017,247,209,175,142,118,101,94,81,70
"Suomi, pitkä oppimäärä",Kevät 2017,272,252,229,202,179,145,128,100,80
"Suomi, keskipitkä oppimäärä",Kevät 2017,266,234,214,186,150,115,99,94,78
"Englanti, pitkä oppimäärä",Kevät 2017,271,251,233,204,170,129,122,111,80
"Saksa, pitkä oppimäärä",Kevät 2017,267,221,180,150,131,112,83,72,66
"Ranska, pitkä oppimäärä",Kevät 2017,272,240,220,195,175,115,105,90,80
"Venäjä, pitkä oppimäärä",Kevät 2017,275,240,217,182,154,120,110,100,90
"Äidinkielen koe, suomi",Kevät 2018,,,,,,,,,
Elämänkatsomustieto,Syksy 2012,035,028,024,019,012,009,,,
Filosofia,Syksy 2012,034,027,022,016,010,007,,,
Psykologia,Syksy 2012,031,025,021,016,012,008,,,
Historia,Syksy 2012,034,028,023,018,014,010,,,
Yhteiskuntaoppi,Syksy 2012,034,029,025,020,015,011,,,
Fysiikka,Syksy 2012,043,032,024,016,011,008,,,
Kemia,Syksy 2012,042,035,029,021,014,009,,,
Biologia,Syksy 2012,043,037,032,027,020,014,,,
Maantiede,Syksy 2012,032,027,023,019,015,010,,,
Terveystieto,Syksy 2012,033,028,024,020,016,012,,,
"Äidinkielen koe, suomi",Syksy 2018,,,,,,,,,
"Äidinkielen koe, ruotsi",Syksy 2018,,,,,,,,,
"Äidinkielen koe, pohjoissaame",Syksy 2018,,,,,,,,,
Suomi toisena kielenä,Syksy 2018,,,,,,,,,
Ruotsi toisena kielenä,Syksy 2018,,,,,,,,,
Suomi toisena kielenä,Syksy 2017,179,165,150,130,108,86,82,72,62
Ruotsi toisena kielenä,Syksy 2017,179,165,149,130,108,86,82,72,62
"Matematiikan koe, lyhyt oppimäärä",Syksy 2017,49,39,31,23,16,9,8,7,5
"Matematiikan koe, pitkä oppimäärä",Syksy 2017,51,39,30,20,13,8,7,6,5
"Ruotsi, pitkä oppimäärä",Syksy 2017,259,224,197,167,130,108,95,79,67
"Ruotsi, keskipitkä oppimäärä",Syksy 2017,253,220,190,159,129,105,99,93,82
"Suomi, pitkä oppimäärä",Syksy 2017,274,257,238,213,183,144,134,124,114
"Suomi, keskipitkä oppimäärä",Syksy 2017,262,237,213,184,148,112,104,99,94
"Englanti, pitkä oppimäärä",Syksy 2017,276,256,236,210,176,136,129,118,100
"Venäjä, lyhyt oppimäärä",Kevät 2015,269,230,205,174,150,118,108,98,88
"Espanja, lyhyt oppimäärä",Kevät 2015,275,242,210,182,150,120,109,99,70
"Italia , lyhyt oppimäärä",Kevät 2015,271,247,209,170,145,118,100,80,60
"Latina, laajempi oppimäärä",Kevät 2015,195,180,160,140,120,100,85,70,50
"Latina, lyhyt oppimäärä",Kevät 2015,196,180,160,140,120,100,85,70,50
"Enaresamiska, kort lärokurs",Kevät 2015,195,181,166,140,120,100,90,80,70
"Pohjoissaame, lyhyt oppimäärä",Kevät 2015,195,181,166,140,120,100,90,80,70
"Koltansaame, lyhyt oppimäärä",Kevät 2015,192,181,166,140,120,100,90,80,70
"Latina, laajempi oppimäärä",Kevät 2013,194,180,160,140,120,100,,,
"Latina, lyhyt oppimäärä",Kevät 2013,194,180,160,140,120,098,,,
"Pohjoissaame, lyhyt oppimäärä",Kevät 2013,195,181,166,140,120,100,,,
"Portugali, lyhyt oppimäärä",Kevät 2013,185,166,153,131,112,100,,,
Evankelis-luterilainen uskonto,Kevät 2013,035,028,023,018,013,008,,,
Ortodoksinen uskonto,Kevät 2013,032,028,020,017,013,010,,,
Elämänkatsomustieto,Kevät 2013,036,029,025,020,016,011,,,
Filosofia,Kevät 2013,035,028,023,018,013,009,,,
Psykologia,Kevät 2013,032,025,021,016,012,008,,,
Historia,Kevät 2013,035,028,023,018,013,009,,,
Yhteiskuntaoppi,Kevät 2013,034,028,024,019,014,010,,,
Fysiikka,Kevät 2013,041,035,029,022,016,012,,,
"Ranska, lyhyt oppimäärä",Syksy 2013,271,240,213,183,150,110,,,
"Venäjä, lyhyt oppimäärä",Syksy 2013,275,250,220,194,155,110,,,
"Espanja, lyhyt oppimäärä",Syksy 2013,283,264,240,203,174,125,,,
"Italia , lyhyt oppimäärä",Syksy 2013,281,263,230,203,160,115,,,
"Latina, laajempi oppimäärä",Syksy 2013,194,180,160,140,120,100,,,
"Latina, lyhyt oppimäärä",Syksy 2013,194,180,160,140,120,100,,,
"Pohjoissaame, lyhyt oppimäärä",Syksy 2013,195,181,166,140,120,100,,,
"Portugali, lyhyt oppimäärä",Syksy 2013,185,166,155,135,115,100,,,
Evankelis-luterilainen uskonto,Syksy 2013,35,29,24,18,13,9,,,
Ortodoksinen uskonto,Syksy 2013,32,26,21,16,13,10,,,
"Venäjä, pitkä oppimäärä",Kevät 2016,278,245,214,181,150,120,110,100,90
"Espanja, pitkä oppimäärä",Kevät 2016,272,250,225,200,180,122,110,100,90
"Saksa, lyhyt oppimäärä",Kevät 2016,271,240,208,163,132,110,100,93,76
"Englanti, lyhyt oppimäärä",Kevät 2016,272,252,239,211,174,130,126,120,115
"Ranska, lyhyt oppimäärä",Kevät 2016,268,237,209,170,140,117,112,100,90
"Venäjä, lyhyt oppimäärä",Kevät 2016,271,231,198,163,135,115,108,100,91
"Espanja, lyhyt oppimäärä",Kevät 2016,260,220,186,144,124,100,80,65,50
"Italia , lyhyt oppimäärä",Kevät 2016,279,258,226,196,149,120,100,80,70
"Latina, laajempi oppimäärä",Kevät 2016,190,180,160,140,120,100,75,50,25
"Latina, lyhyt oppimäärä",Kevät 2016,190,180,160,140,120,100,75,50,25
Maantiede,Kevät 2012,033,028,024,019,015,011,,,
Terveystieto,Kevät 2012,033,028,024,020,016,012,,,
"Venäjä, lyhyt oppimäärä",Kevät 2014,270,237,205,178,152,117,,,
"Espanja, lyhyt oppimäärä",Kevät 2014,282,257,224,194,165,127,,,
"Italia , lyhyt oppimäärä",Kevät 2014,283,265,222,202,160,120,,,
"Latina, laajempi oppimäärä",Kevät 2014,194,180,160,140,120,100,,,
"Latina, lyhyt oppimäärä",Kevät 2014,196,180,160,140,120,100,,,
"Pohjoissaame, lyhyt oppimäärä",Kevät 2014,195,181,166,140,120,100,,,
"Koltansaame, lyhyt oppimäärä",Kevät 2014,195,181,166,140,120,100,,,
"Portugali, lyhyt oppimäärä",Kevät 2014,181,170,155,147,126,100,,,
Evankelis-luterilainen uskonto,Kevät 2014,32,26,21,16,11,8,,,
Ortodoksinen uskonto,Kevät 2014,33,27,24,21,14,9,,,
Elämänkatsomustieto,Kevät 2014,33,27,22,17,13,9,,,
Filosofia,Kevät 2014,32,25,20,15,11,7,,,
"Saksa, pitkä oppimäärä",Syksy 2016,270,227,196,160,133,112,107,100,90
"Ranska, pitkä oppimäärä",Syksy 2016,270,240,225,209,180,120,114,95,85
"Venäjä, pitkä oppimäärä",Syksy 2016,274,259,237,200,165,118,110,100,90
"Espanja, pitkä oppimäärä",Syksy 2016,279,265,240,215,180,122,115,105,95
"Saksa, lyhyt oppimäärä",Syksy 2016,275,243,214,186,158,119,115,105,90
"Englanti, lyhyt oppimäärä",Syksy 2016,267,240,224,194,162,128,122,118,113
"Ranska, lyhyt oppimäärä",Syksy 2016,264,237,209,180,142,118,112,95,85
"Venäjä, lyhyt oppimäärä",Syksy 2016,269,236,205,171,135,112,105,97,90
"Espanja, lyhyt oppimäärä",Syksy 2016,272,242,211,166,138,126,107,99,53
"Italia , lyhyt oppimäärä",Syksy 2016,282,272,240,205,160,120,112,95,85
"Latina, laajempi oppimäärä",Syksy 2016,195,180,160,140,120,100,95,90,85
"Latina, lyhyt oppimäärä",Syksy 2016,195,180,160,140,120,100,95,90,85
"Pohjoissaame, lyhyt oppimäärä",Syksy 2016,195,181,166,140,120,100,90,80,70
,Syksy 2014,,,,,,,,,
,Syksy 2014,,,,,,,,,
,Syksy 2014,,,,,,,,,
,Syksy 2014,,,,,,,,,
,Syksy 2014,,,,,,,,,
,Syksy 2014,,,,,,,,,
,Syksy 2014,,,,,,,,,
,Syksy 2014,,,,,,,,,
,Syksy 2014,,,,,,,,,
,Syksy 2014,,,,,,,,,
"Äidinkielen koe, ruotsi",Kevät 2019,96,78,65,51,39,30,,,
"Äidinkielen koe, pohjoissaame",Kevät 2019,60,50,40,30,20,10,,,
"äidinkielen koe, ruotsi",Kevät 2020,94,77,63,50,40,28,,,
"äidinkielen koe, pohjoissaame",Kevät 2020,55,50,40,30,20,10,,,
"Äidinkielen koe, ruotsi",Syksy 2019,91,72,62,51,40,28,,,
"Äidinkielen koe, pohjoissaame",Syksy 2019,55,50,40,30,20,10,,,
"Äidinkieli, ruotsi",Syksy 2020,90,74,60,50,40,28,25,20,15
"Äidinkieli, pohjoissaame",Syksy 2020,55,50,40,30,20,10,8,5,4
"Ranska, pitkä oppimäärä",Syksy 2015,279,267,239,207,170,119,108,100,092
"Venäjä, pitkä oppimäärä",Syksy 2015,276,262,237,200,165,120,110,098,090
"Espanja, pitkä oppimäärä",Syksy 2015,272,252,235,215,170,135,110,105,100
"Saksa, lyhyt oppimäärä",Syksy 2015,278,245,210,188,154,118,110,102,097
"Englanti, lyhyt oppimäärä",Syksy 2015,274,254,235,208,178,130,125,119,110
"Ranska, lyhyt oppimäärä",Syksy 2015,270,242,212,182,145,115,110,102,092
"Venäjä, lyhyt oppimäärä",Syksy 2015,273,245,210,180,140,115,105,095,085
"Espanja, lyhyt oppimäärä",Syksy 2015,267,240,201,164,147,110,103,097,082
"Italia , lyhyt oppimäärä",Syksy 2015,270,248,234,195,152,123,114,105,110
"Latina, lyhyt oppimäärä",Syksy 2015,195,180,160,140,120,100,085,070,050
"Pohjoissaame, lyhyt oppimäärä",Syksy 2015,195,181,166,140,120,100,090,080,070
"Koltansaame, lyhyt oppimäärä",Syksy 2015,195,181,166,140,120,100,090,080,070
"Portugali, lyhyt oppimäärä",Syksy 2015,186,175,160,149,120,98,090,080,70
Evankelis-luterilainen uskonto,Syksy 2015,034,027,022,017,012,008,006,005,004
Ortodoksinen uskonto,Syksy 2015,034,027,022,017,012,008,006,005,004
"Espanja, pitkä oppimäärä",Kevät 2017,275,253,230,215,175,120,110,100,90
"Saksa, lyhyt oppimäärä",Kevät 2017,274,236,207,172,135,112,104,97,81
"Englanti, lyhyt oppimäärä",Kevät 2017,269,241,221,193,158,125,105,93,77
"Ranska, lyhyt oppimäärä",Kevät 2017,255,220,192,166,135,115,109,95,85
"Venäjä, lyhyt oppimäärä",Kevät 2017,264,230,195,162,128,110,102,94,86
"Espanja, lyhyt oppimäärä",Kevät 2017,277,248,216,172,150,120,110,80,50
"Italia, lyhyt oppimäärä",Kevät 2017,273,244,207,160,125,111,95,75,60
"Latina, laajempi oppimäärä",Kevät 2017,195,170,160,140,120,100,85,70,50
"Latina, lyhyt oppimäärä",Kevät 2017,195,180,160,140,120,90,85,70,50
"Pohjoissaame, lyhyt oppimäärä",Kevät 2017,195,181,166,140,120,100,90,80,70
"Äidinkielen koe, ruotsi",Kevät 2018,,,,,,,,,
"Äidinkielen koe, pohjoissaame",Kevät 2018,,,,,,,,,
Suomi toisena kielenä,Kevät 2018,,,,,,,,,
Ruotsi toisena kielenä,Kevät 2018,,,,,,,,,
"Matematiikan koe, lyhyt oppimäärä",Kevät 2018,,,,,,,,,
"Matematiikan koe, pitkä oppimäärä",Kevät 2018,,,,,,,,,
"Ruotsi, pitkä oppimäärä",Kevät 2018,,,,,,,,,
"Ruotsi, keskipitkä oppimäärä",Kevät 2018,,,,,,,,,
"Suomi, pitkä oppimäärä",Kevät 2018,,,,,,,,,
"Suomi, keskipitkä oppimäärä",Kevät 2018,,,,,,,,,
"Englanti, lyhyt oppimäärä",Kevät 2018,,,,,,,,,
"Englanti, pitkä oppimäärä",Kevät 2018,,,,,,,,,
"Espanja, lyhyt oppimäärä",Kevät 2018,,,,,,,,,
"Espanja, pitkä oppimäärä",Kevät 2018,,,,,,,,,
"Ruotsi, keskipitkä oppimäärä",Syksy 2018,,,,,,,,,
"Ruotsi, pitkä oppimäärä",Syksy 2018,,,,,,,,,
"Suomi, keskipitkä oppimäärä",Syksy 2018,,,,,,,,,
"Suomi, pitkä oppimäärä",Syksy 2018,,,,,,,,,
"Englanti, lyhyt oppimäärä",Syksy 2018,,,,,,,,,
"Englanti, pitkä oppimäärä",Syksy 2018,,,,,,,,,
"Espanja, lyhyt oppimäärä",Syksy 2018,,,,,,,,,
"Espanja, pitkä oppimäärä",Syksy 2018,,,,,,,,,
"Italia, lyhyt oppimäärä",Syksy 2018,,,,,,,,,
"Koltan saame, lyhyt oppimäärä",Syksy 2018,,,,,,,,,
"Latina, laajempi oppimäärä",Syksy 2018,,,,,,,,,
"Latina, lyhyt oppimäärä",Syksy 2018,,,,,,,,,
"Pohjoissaame, lyhyt oppimäärä",Syksy 2018,,,,,,,,,
"Portugali, lyhyt oppimäärä",Syksy 2018,,,,,,,,,
"Ranska, lyhyt oppimäärä",Syksy 2018,,,,,,,,,
"Ranska, pitkä oppimäärä",Syksy 2018,,,,,,,,,
"Saksa, pitkä oppimäärä",Syksy 2017,268,244,212,184,145,111,100,90,80
"Ranska, pitkä oppimäärä",Syksy 2017,272,259,224,195,169,120,113,95,85
"Venäjä, pitkä oppimäärä",Syksy 2017,274,257,238,200,155,114,104,94,84
"Espanja, pitkä oppimäärä",Syksy 2017,272,250,220,190,160,125,110,90,75
"Saksa, lyhyt oppimäärä",Syksy 2017,264,232,198,177,152,116,107,99,91
"Englanti, lyhyt oppimäärä",Syksy 2017,266,251,224,195,163,125,113,105,95
"Portugali, lyhyt oppimäärä",Kevät 2015,181,170,154,140,122,100,90,80,70
Evankelis-luterilainen uskonto,Kevät 2015,34,27,22,17,12,9,8,6,5
Ortodoksinen uskonto,Kevät 2015,34,27,21,17,12,9,8,6,5
Elämänkatsomustieto,Kevät 2015,32,27,20,16,12,9,8,6,4
Filosofia,Kevät 2015,31,25,20,16,11,8,7,6,5
Psykologia,Kevät 2015,32,26,21,16,12,9,8,6,3
Historia,Kevät 2015,34,28,23,18,13,9,8,6,4
Yhteiskuntaoppi,Kevät 2015,34,29,25,20,16,12,11,9,6
Fysiikka,Kevät 2015,41,34,29,23,17,12,10,9,7
Kemia,Kevät 2013,044,036,028,020,013,009,,,
Biologia,Kevät 2013,043,037,031,024,017,012,,,
Maantiede,Kevät 2013,033,028,023,018,014,010,,,
Terveystieto,Kevät 2013,032,026,021,017,013,010,,,
Elämänkatsomustieto,Syksy 2013,32,27,22,17,13,9,,,
Filosofia,Syksy 2013,32,26,21,16,12,7,,,
Psykologia,Syksy 2013,32,27,22,17,13,9,,,
Historia,Syksy 2013,34,28,23,19,15,10,,,
Yhteiskuntaoppi,Syksy 2013,35,30,25,20,15,10,,,
Fysiikka,Syksy 2013,43,36,28,21,15,9,,,
Kemia,Syksy 2013,45,39,32,25,18,12,,,
Biologia,Syksy 2013,43,37,32,26,20,14,,,
Maantiede,Syksy 2013,33,29,25,21,17,12,,,
Terveystieto,Syksy 2013,32,27,23,19,16,12,,,
"Pohjoissaame, lyhyt oppimäärä",Kevät 2016,195,181,166,140,120,100,90,80,70
"Koltansaame, lyhyt oppimäärä",Kevät 2016,195,181,166,140,120,100,90,80,70
"Portugali, lyhyt oppimäärä",Kevät 2016,187,175,160,150,125,100,90,80,70
Evankelis-luterilainen uskonto,Kevät 2016,34,27,23,18,13,9,8,7,6
Ortodoksinen uskonto,Kevät 2016,34,27,23,18,13,9,8,7,6
Elämänkatsomustieto,Kevät 2016,33,29,23,18,14,9,7,6,4
Filosofia,Kevät 2016,31,25,19,14,10,8,6,5,3
Psykologia,Kevät 2016,31,25,20,15,11,7,6,5,3
Historia,Kevät 2016,34,28,23,18,13,9,8,6,5
Yhteiskuntaoppi,Kevät 2016,34,29,24,20,15,10,9,7,6
Fysiikka,Kevät 2016,42,33,25,19,14,10,9,8,6
Kemia,Kevät 2016,42,35,27,20,14,9,8,7,6
Biologia,Kevät 2016,41,33,26,19,13,9,8,7,6
Psykologia,Kevät 2014,32,26,21,16,12,8,,,
Historia,Kevät 2014,34,28,23,18,14,9,,,
Yhteiskuntaoppi,Kevät 2014,34,29,25,21,17,12,,,
Fysiikka,Kevät 2014,42,33,25,17,11,8,,,
Kemia,Kevät 2014,43,37,31,24,16,10,,,
Biologia,Kevät 2014,41,35,29,22,16,10,,,
Maantiede,Kevät 2014,33,27,23,19,15,11,,,
Terveystieto,Kevät 2014,30,25,21,17,13,10,,,
"Portugali, lyhyt oppimäärä",Syksy 2016,181,175,160,140,111,95,88,78,68
Evankelis-luterilainen uskonto,Syksy 2016,32,27,22,18,14,10,9,8,7
Ortodoksinen uskonto,Syksy 2016,32,27,22,18,14,10,9,8,7
Elämänkatsomustieto,Syksy 2016,35,27,23,18,14,8,7,6,4
Filosofia,Syksy 2016,88,71,59,47,35,25,22,21,20
Psykologia,Syksy 2016,32,26,22,17,13,9,8,6,4
Historia,Syksy 2016,33,28,23,18,13,9,8,6,5
Yhteiskuntaoppi,Syksy 2016,33,28,24,20,15,11,10,9,7
Fysiikka,Syksy 2016,41,33,25,18,14,10,9,7,6
Kemia,Syksy 2016,42,35,28,21,15,11,10,9,7
Biologia,Syksy 2016,44,38,33,27,21,15,14,13,11
,Syksy 2014,,,,,,,,,
,Syksy 2014,,,,,,,,,
,Syksy 2014,,,,,,,,,
,Syksy 2014,,,,,,,,,
Suomi toisena kielenä,Kevät 2019,200,184,171,156,134,104,,,
Ruotsi toisena kielenä,Kevät 2019,200,184,171,156,133,104,,,
"Ruotsi, keskipitkä oppimäärä",Kevät 2019,237,202,170,138,110,90,,,
"Ruotsi, pitkä oppimäärä",Kevät 2019,255,220,190,160,130,105,,,
"Suomi, keskipitkä oppimäärä",Kevät 2019,268,243,221,182,148,116,,,
"Suomi, pitkä oppimäärä",Kevät 2019,273,253,235,216,180,142,,,
"Englanti, lyhyt oppimäärä",Kevät 2019,268,246,226,196,166,129,,,
"Englanti, pitkä oppimäärä",Kevät 2019,267,244,221,190,156,122,,,
"Espanja, lyhyt oppimäärä",Kevät 2019,282,255,227,187,147,110,,,
"äidinkielen koe, inarinsaame",Kevät 2020,55,50,40,30,20,10,,,
Ruotsi toisena kielenä,Kevät 2020,195,178,163,146,128,104,,,
Suomi toisena kielenä,Kevät 2020,195,178,163,147,128,104,,,
"Ruotsi, keskipitkä oppimäärä",Kevät 2020,242,201,167,133,110,90,,,
"Ruotsi, pitkä oppimäärä",Kevät 2020,257,225,195,168,140,115,,,
"Suomi, keskipitkä oppimäärä",Kevät 2020,268,251,223,185,144,110,,,
"Suomi, pitkä oppimäärä",Kevät 2020,272,254,233,208,183,142,,,
"Englanti, lyhyt oppimäärä",Kevät 2020,256,230,208,185,152,127,,,
"Englanti, pitkä oppimäärä",Kevät 2020,263,240,219,192,162,132,,,
"Espanja, lyhyt oppimäärä",Kevät 2020,278,251,220,185,151,116,,,
"Espanja, pitkä oppimäärä",Kevät 2020,266,244,219,170,150,119,,,
"Italia, lyhyt oppimäärä",Kevät 2020,272,250,233,200,170,125,,,
"Latina, laajempi oppimäärä",Kevät 2020,195,180,160,140,120,100,,,
"Latina, lyhyt oppimäärä",Kevät 2020,195,180,160,140,120,90,,,
"Pohjoissaame, lyhyt oppimäärä",Kevät 2020,195,181,166,140,120,100,,,
"Portugali, lyhyt oppimäärä",Kevät 2020,184,172,145,133,120,100,,,
Suomi toisena kielenä,Syksy 2019,199,185,167,145,122,103,,,
Ruotsi toisena kielenä,Syksy 2019,199,185,167,145,122,103,,,
"Ruotsi, keskipitkä oppimäärä",Syksy 2019,243,210,180,148,117,90,,,
"Ruotsi, pitkä oppimäärä",Syksy 2019,255,225,195,162,125,107,,,
"Suomi, keskipitkä oppimäärä",Syksy 2019,266,244,216,183,149,115,,,
"Suomi, pitkä oppimäärä",Syksy 2019,274,261,244,213,182,137,,,
"Englanti, lyhyt oppimäärä",Syksy 2019,258,236,216,191,159,126,,,
"Englanti, pitkä oppimäärä",Syksy 2019,267,248,229,204,175,141,,,
"Espanja, lyhyt oppimäärä",Syksy 2019,281,259,235,184,154,122,,,
"Espanja, pitkä oppimäärä",Syksy 2019,261,248,215,201,160,120,,,
"Italia, lyhyt oppimäärä",Syksy 2019,273,254,232,200,170,125,,,
"Koltan saame, lyhyt oppimäärä",Syksy 2019,195,181,166,140,120,100,,,
"Latina, laajempi oppimäärä",Syksy 2019,195,180,160,140,120,100,,,
"Latina, lyhyt oppimäärä",Syksy 2019,195,180,160,140,120,100,,,
"Pohjoissaame, lyhyt oppimäärä",Syksy 2019,195,181,166,140,120,100,,,
Suomi toisena kielenä,Syksy 2020,194,177,160,145,128,104,99,90,77
Ruotsi toisena kielenä,Syksy 2020,194,177,160,145,128,104,99,90,77
"Ruotsi, pitkä oppimäärä",Syksy 2020,263,232,208,169,134,110,95,86,77
"Ruotsi, keskipitkä oppimäärä",Syksy 2020,239,210,180,148,120,93,82,70,54
"Suomi, pitkä oppimäärä",Syksy 2020,271,257,239,215,182,138,130,120,110
"Suomi, keskipitkä oppimäärä",Syksy 2020,265,245,211,174,147,112,104,94,84
"Englanti, pitkä oppimäärä",Syksy 2020,270,251,232,208,179,144,138,128,116
"Saksa, pitkä oppimäärä",Syksy 2020,275,239,209,166,134,118,108,96,75
"Ranska, pitkä oppimäärä",Syksy 2020,274,259,229,204,169,120,114,95,85
"Venäjä, pitkä oppimäärä",Syksy 2020,274,256,232,200,155,125,110,95,85
"Espanja, pitkä oppimäärä",Syksy 2020,275,251,210,170,140,120,110,97,90
"Saksa, lyhyt oppimäärä",Syksy 2020,275,242,214,182,146,112,102,80,72
"Englanti, lyhyt oppimäärä",Syksy 2020,249,225,200,176,148,124,119,112,98
Elämänkatsomustieto,Syksy 2015,033,027,023,018,016,009,008,006,005
Filosofia,Syksy 2015,031,024,020,016,012,009,008,007,006
Psykologia,Syksy 2015,032,026,022,017,012,008,006,005,004
Historia,Syksy 2015,034,029,024,019,014,009,008,006,005
Yhteiskuntaoppi,Syksy 2015,034,028,024,020,015,011,010,009,007
Fysiikka,Syksy 2015,041,033,027,021,016,011,009,007,006
Kemia,Syksy 2015,041,034,028,021,016,010,009,008,006
Biologia,Syksy 2015,042,036,030,025,019,013,011,010,009
Maantiede,Syksy 2015,034,028,024,019,015,011,010,009,007
Terveystieto,Syksy 2015,029,024,020,016,013,010,009,008,007
"Portugali, lyhyt oppimäärä",Kevät 2017,181,170,153,139,120,100,90,80,70
Evankelis-luterilainen uskonto,Kevät 2017,34,29,24,19,14,10,9,8,6
Ortodoksinen uskonto,Kevät 2017,34,29,24,19,14,10,9,8,6
Elämänkatsomustieto,Kevät 2017,34,28,24,18,14,10,9,8,6
Filosofia,Kevät 2017,86,67,53,41,27,16,15,11,8
Psykologia,Kevät 2017,94,77,64,49,35,21,16,13,9
Historia,Kevät 2017,35,28,23,17,13,9,8,6,5
Yhteiskuntaoppi,Kevät 2017,94,79,65,51,37,23,20,18,16
Fysiikka,Kevät 2017,40,32,25,19,15,11,9,8,6
Kemia,Kevät 2017,41,32,24,16,11,7,6,5,4
"Inarinsaame, lyhyt oppimäärä",Kevät 2018,,,,,,,,,
"Italia, lyhyt oppimäärä",Kevät 2018,,,,,,,,,
"Latina, lyhyt oppimäärä",Kevät 2018,,,,,,,,,
"Pohjoissaame, lyhyt oppimäärä",Kevät 2018,,,,,,,,,
"Portugali, lyhyt oppimäärä",Kevät 2018,,,,,,,,,
"Ranska, lyhyt oppimäärä",Kevät 2018,,,,,,,,,
"Ranska, pitkä oppimäärä",Kevät 2018,,,,,,,,,
"Saksa, lyhyt oppimäärä",Kevät 2018,,,,,,,,,
"Saksa, pitkä oppimäärä",Kevät 2018,,,,,,,,,
"Saksa, lyhyt oppimäärä",Syksy 2018,,,,,,,,,
"Saksa, pitkä oppimäärä",Syksy 2018,,,,,,,,,
"Venäjä, lyhyt oppimäärä",Syksy 2018,,,,,,,,,
"Venäjä, pitkä oppimäärä",Syksy 2018,,,,,,,,,
"Matematiikan koe, lyhyt oppimäärä",Syksy 2018,,,,,,,,,
"Matematiikan koe, pitkä oppimäärä",Syksy 2018,,,,,,,,,
Biologia,Syksy 2018,,,,,,,,,
Elämänkatsomustieto,Syksy 2018,,,,,,,,,
Evankelis-luterilainen uskonto,Syksy 2018,,,,,,,,,
Filosofia,Syksy 2018,,,,,,,,,
Fysiikka,Syksy 2018,,,,,,,,,
Historia,Syksy 2018,,,,,,,,,
Kemia,Syksy 2018,,,,,,,,,
Maantiede,Syksy 2018,,,,,,,,,
Ortodoksinen uskonto,Syksy 2018,,,,,,,,,
Psykologia,Syksy 2018,,,,,,,,,
"Ranska, lyhyt oppimäärä",Syksy 2017,263,222,202,178,140,116,98,92,86
"Venäjä, lyhyt oppimäärä",Syksy 2017,264,232,200,163,135,114,104,94,84
"Espanja, lyhyt oppimäärä",Syksy 2017,268,240,205,160,135,118,108,70,50
"Italia, lyhyt oppimäärä",Syksy 2017,273,244,205,170,140,120,100,80,70
"Latina, laajempi oppimäärä",Syksy 2017,196,180,160,140,120,100,75,50,25
"Latina, lyhyt oppimäärä",Syksy 2017,196,180,160,140,120,100,75,50,25
"Pohjoissaame, lyhyt oppimäärä",Syksy 2017,195,181,166,140,120,98,90,80,70
"Portugali, lyhyt oppimäärä",Syksy 2017,179,162,148,136,125,100,90,80,70
Evankelis-luterilainen uskonto,Syksy 2017,90,76,62,50,36,26,22,20,18
Ortodoksinen uskonto,Syksy 2017,90,76,62,50,36,26,22,20,18
Elämänkatsomustieto,Syksy 2017,94,79,63,54,39,29,27,23,18
Filosofia,Syksy 2017,85,70,56,44,32,22,19,18,16
Psykologia,Syksy 2017,91,75,62,49,36,24,22,20,17
Historia,Syksy 2017,97,81,68,53,40,28,26,23,18
Yhteiskuntaoppi,Syksy 2017,94,79,67,54,41,31,29,26,20
Kemia,Kevät 2015,41,31,24,17,11,7,6,5,4
Biologia,Kevät 2015,42,33,26,19,13,9,8,7,6
Maantiede,Kevät 2015,34,28,23,19,15,11,10,9,7
Terveystieto,Kevät 2015,30,25,21,17,13,10,9,8,7
Maantiede,Kevät 2016,33,28,24,19,14,10,9,8,7
Terveystieto,Kevät 2016,28,23,20,16,13,10,9,8,7
Maantiede,Syksy 2016,91,79,69,58,47,36,33,30,20
Terveystieto,Syksy 2016,30,25,22,18,14,11,10,9,7
"Espanja, pitkä oppimäärä",Kevät 2019,265,244,210,170,140,120,,,
"Inarinsaame, lyhyt oppimäärä",Kevät 2019,192,180,166,140,120,100,,,
"Italia, lyhyt oppimäärä",Kevät 2019,272,258,236,200,175,130,,,
"Koltan saame, lyhyt oppimäärä",Kevät 2019,195,181,166,140,120,100,,,
"Latina, laajempi oppimäärä",Kevät 2019,195,180,160,140,120,100,,,
"Latina, lyhyt oppimäärä",Kevät 2019,195,180,160,140,120,100,,,
"Pohjoissaame, lyhyt oppimäärä",Kevät 2019,195,181,166,140,120,100,,,
"Portugali, lyhyt oppimäärä",Kevät 2019,190,175,159,145,116,100,,,
"Ranska, lyhyt oppimäärä",Kevät 2019,266,232,199,168,135,117,,,
"Ranska, pitkä oppimäärä",Kevät 2019,272,238,215,190,162,120,,,
"Saksa, lyhyt oppimäärä",Kevät 2019,263,230,192,158,126,110,,,
"Saksa, pitkä oppimäärä",Kevät 2019,266,215,184,154,123,110,,,
"Ranska, lyhyt oppimäärä",Kevät 2020,267,234,202,165,135,116,,,
"Ranska, pitkä oppimäärä",Kevät 2020,270,240,211,171,139,118,,,
"Saksa, lyhyt oppimäärä",Kevät 2020,275,243,216,186,146,111,,,
"Saksa, pitkä oppimäärä",Kevät 2020,265,231,194,150,132,114,,,
"Venäjä, lyhyt oppimäärä",Kevät 2020,263,230,203,169,143,110,,,
"Venäjä, pitkä oppimäärä",Kevät 2020,267,234,205,172,140,117,,,
"Matematiikan koe, lyhyt oppimäärä",Kevät 2020,89,72,57,43,32,21,,,
"Matematiikan koe, pitkä oppimäärä",Kevät 2020,79,58,43,31,21,14,,,
Biologia,Kevät 2020,100,84,65,49,36,24,,,
Elämänkatsomustieto,Kevät 2020,95,78,61,43,33,24,,,
Evankelis-luterilainen uskonto,Kevät 2020,96,82,68,55,42,30,,,
Filosofia,Kevät 2020,80,62,47,35,25,16,,,
Fysiikka,Kevät 2020,95,76,59,42,31,23,,,
Historia,Kevät 2020,96,80,67,51,35,23,,,
Kemia,Kevät 2020,100,82,66,50,34,24,,,
Maantiede,Kevät 2020,99,85,73,58,43,30,,,
Ortodoksinen uskonto,Kevät 2020,96,82,68,55,42,30,,,
Psykologia,Kevät 2020,94,79,66,53,40,27,,,
Terveystieto,Kevät 2020,84,73,62,50,39,27,,,
Yhteiskuntaoppi,Kevät 2020,91,74,60,46,30,19,,,
"Portugali, lyhyt oppimäärä",Syksy 2019,188,168,158,141,125,100,,,
"Ranska, lyhyt oppimäärä",Syksy 2019,266,230,195,168,138,113,,,
"Ranska, pitkä oppimäärä",Syksy 2019,272,255,225,199,169,120,,,
"Saksa, lyhyt oppimäärä",Syksy 2019,276,253,221,190,155,119,,,
"Saksa, pitkä oppimäärä",Syksy 2019,272,259,219,192,157,118,,,
"Venäjä, lyhyt oppimäärä",Syksy 2019,263,233,200,170,140,115,,,
"Venäjä, pitkä oppimäärä",Syksy 2019,271,253,229,200,155,120,,,
"Matematiikan koe, lyhyt oppimäärä",Syksy 2019,94,75,59,45,31,20,,,
"Matematiikan koe, pitkä oppimäärä",Syksy 2019,87,66,47,34,23,14,,,
Biologia,Syksy 2019,100,87,74,60,46,34,,,
Elämänkatsomustieto,Syksy 2019,95,78,60,43,31,26,,,
"Ranska, lyhyt oppimäärä",Syksy 2020,263,231,202,172,142,114,95,83,75
"Venäjä, lyhyt oppimäärä",Syksy 2020,266,236,203,170,140,111,105,95,85
"Espanja, lyhyt oppimäärä",Syksy 2020,277,252,211,181,147,112,109,100,72
"Italia, lyhyt oppimäärä",Syksy 2020,268,248,226,193,170,120,110,90,70
"Latina, laajempi oppimäärä",Syksy 2020,195,180,160,140,120,100,85,70,50
"Latina, lyhyt oppimäärä",Syksy 2020,195,180,160,140,120,100,85,70,50
"Pohjoissaame, lyhyt oppimäärä",Syksy 2020,195,181,166,140,120,100,90,80,70
Inarinsaame lyhyt oppimäärä,Syksy 2020,192,180,166,140,120,100,90,80,70
"Portugali, lyhyt oppimäärä",Syksy 2020,187,167,152,140,120,100,90,80,70
"Matematiikka, pitkä oppimäärä",Syksy 2020,101,76,57,38,24,15,14,12,9
"Matematiikka, lyhyt oppimäärä",Syksy 2020,88,65,46,30,19,12,11,10,8
"Uskonto, evankelis-luterilainen",Syksy 2020,95,83,71,57,44,32,31,28,24
Biologia,Kevät 2017,44,37,29,22,15,10,9,8,7
Maantiede,Kevät 2017,90,74,62,47,34,23,20,17,11
Terveystieto,Kevät 2017,30,25,22,18,14,10,9,8,6
"Venäjä, lyhyt oppimäärä",Kevät 2018,,,,,,,,,
"Venäjä, pitkä oppimäärä",Kevät 2018,,,,,,,,,
Biologia,Kevät 2018,,,,,,,,,
Elämänkatsomustieto,Kevät 2018,,,,,,,,,
Evankelis-luterilainen uskonto,Kevät 2018,,,,,,,,,
Filosofia,Kevät 2018,,,,,,,,,
Fysiikka,Kevät 2018,,,,,,,,,
Historia,Kevät 2018,,,,,,,,,
Kemia,Kevät 2018,,,,,,,,,
Maantiede,Kevät 2018,,,,,,,,,
Ortodoksinen uskonto,Kevät 2018,,,,,,,,,
Psykologia,Kevät 2018,,,,,,,,,
Terveystieto,Kevät 2018,,,,,,,,,
Terveystieto,Syksy 2018,,,,,,,,,
Yhteiskuntaoppi,Syksy 2018,,,,,,,,,
Fysiikka,Syksy 2017,41,33,25,19,14,10,8,7,6
Kemia,Syksy 2017,41,34,28,22,16,10,9,8,6
Biologia,Syksy 2017,44,37,32,25,19,12,11,10,8
Maantiede,Syksy 2017,97,83,70,58,45,35,32,29,24
Terveystieto,Syksy 2017,80,66,55,44,33,24,22,20,16
"Venäjä, lyhyt oppimäärä",Kevät 2019,267,234,205,173,140,117,,,
"Venäjä, pitkä oppimäärä",Kevät 2019,269,247,220,192,158,125,,,
"Matematiikan koe, lyhyt oppimäärä",Kevät 2019,101,82,67,51,34,19,,,
"Matematiikan koe, pitkä oppimäärä",Kevät 2019,93,68,47,30,19,14,,,
Biologia,Kevät 2019,92,75,62,46,34,24,,,
Elämänkatsomustieto,Kevät 2019,94,77,64,49,35,26,,,
Evankelis-luterilainen uskonto,Kevät 2019,98,83,71,57,44,32,,,
Filosofia,Kevät 2019,84,68,56,43,33,23,,,
Fysiikka,Kevät 2019,93,75,61,48,35,25,,,
Historia,Kevät 2019,97,84,71,54,39,24,,,
Kemia,Kevät 2019,101,82,66,47,30,20,,,
Evankelis-luterilainen uskonto,Syksy 2019,95,79,65,55,43,30,,,
Filosofia,Syksy 2019,84,69,56,42,31,21,,,
Fysiikka,Syksy 2019,90,68,50,34,25,20,,,
Historia,Syksy 2019,96,80,66,52,39,26,,,
Kemia,Syksy 2019,103,86,71,57,43,31,,,
Maantiede,Syksy 2019,97,82,70,57,46,34,,,
Ortodoksinen uskonto,Syksy 2019,95,79,65,55,43,30,,,
Psykologia,Syksy 2019,95,80,66,53,40,29,,,
Terveystieto,Syksy 2019,86,74,61,51,40,29,,,
Yhteiskuntaoppi,Syksy 2019,91,76,61,47,33,22,,,
"Uskonto, ortodoksinen",Syksy 2020,95,83,71,57,44,32,31,28,24
Elämänkatsomustieto,Syksy 2020,92,72,60,41,32,24,22,20,18
Filosofia,Syksy 2020,80,60,47,35,26,20,18,16,14
Psykologia,Syksy 2020,95,80,68,55,43,31,28,25,21
Historia,Syksy 2020,90,74,60,46,34,22,20,18,15
Yhteiskuntaoppi,Syksy 2020,90,75,61,49,36,23,21,19,16
Fysiikka,Syksy 2020,95,67,49,30,21,13,12,8,6
Kemia,Syksy 2020,101,82,66,50,35,24,22,19,15
Biologia,Syksy 2020,98,81,67,51,37,27,25,23,19
Maantiede,Syksy 2020,97,83,71,59,47,35,33,29,26
Terveystieto,Syksy 2020,83,70,58,48,37,26,24,22,17
Yhteiskuntaoppi,Kevät 2018,,,,,,,,,
Maantiede,Kevät 2019,94,79,66,52,40,28,,,
Ortodoksinen uskonto,Kevät 2019,98,83,71,57,44,32,,,
Psykologia,Kevät 2019,94,77,61,46,32,20,,,
Terveystieto,Kevät 2019,80,68,57,48,37,28,,,
Yhteiskuntaoppi,Kevät 2019,94,79,66,52,39,28,,,
